jdobs,filter,seeing,gain,zp,ezp,programid,fieldid,ccdid,qid,filterid,moonra,moondec,moonillf,moonphase,airmass,nbad,nbadbkg,bkgstd,bkgmed,diffimgname,psfimgname,Fmcmc,Fmcmc_unc,Fratio,Fratio_unc,jdref_start,jdref_end,fcqfid,scisigpix,offset,multiply,mag,mag_unc,time,band
2458306.6827894,b'r',2.589,6.2,25.989049,1.23241e-05,1.0,846.0,2.0,4.0,2.0,25.5784,4.3004,-0.413195,260.002,1.227,0.0,0.0,5.5112350507259364,-0.18185532093048096,ztf_20180707182778_000846_zr_c02_o_q4_scimrefdiffimg.fits,b'ztf_20180707182778_000846_zr_c02_o_q4_diffimgpsf.fits',-12.977358298806266,22.86957325515868,-5.218752435049807e-10,9.196836395228732e-10,2458187.014664352,2458222.870289352,8460242.0,5.72892,-1.7900022454267168,1.0969634643354953,0.0,0.0,306.6827894002199,p48r
2458312.7200463,b'r',1.536,6.2,26.01424,1.13512e-05,1.0,846.0,2.0,4.0,2.0,113.174,19.6286,0.000139476,178.647,1.26,0.0,0.0,5.665116937708852,0.05172830820083618,ztf_20180713220046_000846_zr_c02_o_q4_scimrefdiffimg.fits,b'ztf_20180713220046_000846_zr_c02_o_q4_diffimgpsf.fits',10.062936004272144,20.005839027860677,3.953927582312354e-10,7.860691820664571e-10,2458187.014664352,2458222.870289352,8460242.0,5.78822,-1.7900022454267168,1.0969634643354953,0.0,0.0,312.72004629997537,p48r
2458312.8318403,b'g',1.778,6.2,25.962262,1.2393e-05,1.0,846.0,2.0,4.0,1.0,115.539,19.4256,0.000664838,177.045,1.529,0.0,0.0,4.7286861307621,0.2887134552001953,ztf_20180713331829_000846_zg_c02_o_q4_scimrefdiffimg.fits,b'ztf_20180713331829_000846_zg_c02_o_q4_diffimgpsf.fits',10.703549902266996,15.17607272103347,4.4118733638258366e-10,6.255392988208536e-10,2458202.8444328704,2458232.7846535994,8460241.0,4.82215,-14.421393447994506,0.8553559001605671,0.0,0.0,312.8318403000012,p48g
2458315.6935417,b'r',1.804,6.2,28.035244,6.6527e-06,2.0,846.0,2.0,4.0,2.0,158.659,10.8911,0.136263,136.675,1.242,0.0,0.0,15.855275451087952,0.14530551433563232,ztf_20180716193461_000846_zr_c02_o_q4_scimrefdiffimg.fits,b'ztf_20180716193461_000846_zr_c02_o_q4_diffimgpsf.fits',-214.9349473959125,87.90348936561736,-1.3128328507430518e-09,5.369186814208677e-10,2458187.014664352,2458222.870289352,8460242.0,14.1721,-1.7900022454267168,1.0969634643354953,0.0,0.0,315.69354170002043,p48r
2458315.7116088,b'g',2.066,6.2,28.009352,5.8891e-06,2.0,846.0,2.0,4.0,1.0,158.919,10.7947,0.137775,136.423,1.259,0.0,0.0,12.697384423875807,0.6412894129753113,ztf_20180716211528_000846_zg_c02_o_q4_scimrefdiffimg.fits,b'ztf_20180716211528_000846_zg_c02_o_q4_diffimgpsf.fits',28.880182291360956,45.20802605029905,1.8065880374391694e-10,2.82796965182695e-10,2458202.8444328704,2458232.7846535994,8460241.0,10.5498,-14.421393447994506,0.8553559001605671,0.0,0.0,315.71160880010575,p48g
2458315.7296644,b'r',1.855,6.2,27.975011,1.02254e-05,2.0,846.0,2.0,4.0,2.0,159.189,10.6986,0.139293,136.171,1.283,0.0,0.0,15.493427364587784,-0.08724457025527954,ztf_20180716229583_000846_zr_c02_o_q4_scimrefdiffimg.fits,b'ztf_20180716229583_000846_zr_c02_o_q4_diffimgpsf.fits',-142.14541554939052,64.58718993579201,-9.177585886705452e-10,4.1700569846240143e-10,2458187.014664352,2458222.870289352,8460242.0,14.1016,-1.7900022454267168,1.0969634643354953,0.0,0.0,315.7296644002199,p48r
2458316.6977546,b'r',2.906,6.2,28.397578,3.11885e-05,2.0,846.0,2.0,4.0,2.0,172.652,6.29324,0.227056,123.085,1.248,0.0,0.0,18.124267970085143,0.5269629955291748,ztf_20180717197674_000846_zr_c02_o_q4_scimrefdiffimg.fits,b'ztf_20180717197674_000846_zr_c02_o_q4_diffimgpsf.fits',-338.49199755036915,152.09387333304238,-1.4808709229161279e-09,6.653965135448901e-10,2458187.014664352,2458222.870289352,8460242.0,16.4358,-1.7900022454267168,1.0969634643354953,0.0,0.0,316.6977546000853,p48r
2458320.6750116,b'g',1.859,6.2,26.233122,1.67358e-05,2.0,846.0,2.0,4.0,1.0,223.403,-11.8065,0.640334,73.7,1.237,0.0,0.0,7.472445103454588,0.24019289016723633,ztf_20180721174977_000846_zg_c02_o_q4_scimrefdiffimg.fits,b'ztf_20180721174977_000846_zg_c02_o_q4_diffimgpsf.fits',129.99950334148053,23.390192081036695,4.175350066231379e-09,7.512508732942961e-10,2458202.8444328704,2458232.7846535994,8460241.0,8.35458,-14.421393447994506,0.8553559001605671,20.94826776724188,0.19535134995949802,320.67501159990206,p48g
2458320.6968866,b'g',1.861,6.2,26.235795,1.54161e-05,1.0,846.0,2.0,4.0,1.0,223.573,-11.8804,0.642383,73.4552,1.256,0.0,0.0,6.836358700323103,0.6543240547180176,ztf_20180721196887_000846_zg_c02_o_q4_scimrefdiffimg.fits,b'ztf_20180721196887_000846_zg_c02_o_q4_diffimgpsf.fits',128.41621436474546,21.548953679309648,4.114355963447182e-09,6.904117741866674e-10,2458202.8444328704,2458232.7846535994,8460241.0,7.48603,-14.421393447994506,0.8553559001605671,20.964245342448407,0.18219256332835818,320.6968865999952,p48g
2458320.6978009,b'g',1.769,6.2,26.221733,1.35718e-05,2.0,846.0,2.0,4.0,1.0,223.581,-11.8834,0.642441,73.4482,1.257,0.0,0.0,6.583270344018937,-0.036771535873413086,ztf_20180721197789_000846_zg_c02_o_q4_scimrefdiffimg.fits,b'ztf_20180721197789_000846_zg_c02_o_q4_diffimgpsf.fits',128.79443601935276,21.093866334357994,4.180265844880612e-09,6.846411378948819e-10,2458202.8444328704,2458232.7846535994,8460241.0,7.49565,-14.421393447994506,0.8553559001605671,20.946990245745774,0.17782114780800642,320.6978008998558,p48g
2458320.7675347,b'r',1.979,6.2,26.147159,7.2113e-06,2.0,846.0,2.0,4.0,2.0,224.181,-12.1003,0.649272,72.6299,1.388,0.0,0.0,7.317909313082695,0.16798043251037598,ztf_20180721267535_000846_zr_c02_o_q4_scimrefdiffimg.fits,b'ztf_20180721267535_000846_zr_c02_o_q4_diffimgpsf.fits',85.70582008813294,27.490942552228994,2.9795228122364246e-09,9.55709780241037e-10,2458187.014664352,2458222.870289352,8460242.0,7.71441,-1.7900022454267168,1.0969634643354953,21.314633212801816,0.34826003190432764,320.7675347002223,p48r
2458320.7684491,b'r',1.861,6.2,26.14849,8.269e-06,1.0,846.0,2.0,4.0,2.0,224.19,-12.103,0.64933,72.6229,1.391,0.0,0.0,6.893074731302262,0.8379745483398438,ztf_20180721268449_000846_zr_c02_o_q4_scimrefdiffimg.fits,b'ztf_20180721268449_000846_zr_c02_o_q4_diffimgpsf.fits',66.93962600667628,25.585210135819636,2.324273772656144e-09,8.883681676449228e-10,2458187.014664352,2458222.870289352,8460242.0,7.7026,-1.7900022454267168,1.0969634643354953,0.0,0.0,320.7684491002001,p48r
2458321.6835417,b'g',1.91,6.2,26.087171,1.56963e-05,2.0,846.0,2.0,4.0,1.0,235.847,-15.3432,0.733504,62.1597,1.246,0.0,0.0,7.79864344100952,-0.5476980209350586,ztf_20180722183530_000846_zg_c02_o_q4_scimrefdiffimg.fits,b'ztf_20180722183530_000846_zg_c02_o_q4_diffimgpsf.fits',105.25452016334413,25.102985984144382,3.8669838270296524e-09,9.2226766925097e-10,2458202.8444328704,2458232.7846535994,8460241.0,9.05581,-14.421393447994506,0.8553559001605671,21.03156911070592,0.2589458461099469,321.6835416997783,p48g
2458321.696713,b'g',1.952,6.2,26.152373,1.73029e-05,2.0,846.0,2.0,4.0,1.0,235.946,-15.3805,0.734691,62.0058,1.259,0.0,0.0,8.008763854980469,-0.41894805431365967,ztf_20180722196713_000846_zg_c02_o_q4_scimrefdiffimg.fits,b'ztf_20180722196713_000846_zg_c02_o_q4_diffimgpsf.fits',95.40605145830827,32.101798780017646,3.3008570912727412e-09,1.1106575384349664e-09,2458202.8444328704,2458232.7846535994,8460241.0,8.6794,-14.421393447994506,0.8553559001605671,0.0,0.0,321.6967130000703,p48g
2458321.7264005,b'r',2.504,6.2,26.169344,7.0217e-06,2.0,846.0,2.0,4.0,2.0,236.177,-15.4592,0.737274,61.6701,1.303,0.0,0.0,7.94120111284256,-0.2580530643463135,ztf_20180722226389_000846_zr_c02_o_q4_scimrefdiffimg.fits,b'ztf_20180722226389_000846_zr_c02_o_q4_diffimgpsf.fits',153.21277361321933,33.78693357578701,5.2186404319448465e-09,1.15083000945456e-09,2458187.014664352,2458222.870289352,8460242.0,8.27452,-1.7900022454267168,1.0969634643354953,20.70610656328471,0.23942975629024166,321.72640050016344,p48r
2458321.7410417,b'r',2.021,6.2,26.156891,8.5177e-06,2.0,846.0,2.0,4.0,2.0,236.296,-15.4955,0.738509,61.5092,1.331,0.0,0.0,8.210341498708722,0.13166463375091553,ztf_20180722241042_000846_zr_c02_o_q4_scimrefdiffimg.fits,b'ztf_20180722241042_000846_zr_c02_o_q4_diffimgpsf.fits',140.7919071040477,31.709424196892567,4.850888493930637e-09,1.0925264402130203e-09,2458187.014664352,2458222.870289352,8460242.0,8.28295,-1.7900022454267168,1.0969634643354953,20.785446770674177,0.24453159710410682,321.74104169989005,p48r
2458321.7613542,b'r',1.995,6.2,26.152947,7.862e-06,2.0,846.0,2.0,4.0,2.0,236.466,-15.5433,0.740277,61.2784,1.379,0.0,0.0,7.660628569602966,-0.03279668092727661,ztf_20180722261343_000846_zr_c02_o_q4_scimrefdiffimg.fits,b'ztf_20180722261343_000846_zr_c02_o_q4_diffimgpsf.fits',105.38731911593534,29.295214857043607,3.644261701068722e-09,1.013019692121412e-09,2458187.014664352,2458222.870289352,8460242.0,8.45353,-1.7900022454267168,1.0969634643354953,21.09597610775401,0.30180932273513733,321.7613542000763,p48r
2458324.6814583,b'r',1.977,6.2,25.380535,3.15364e-05,2.0,846.0,2.0,4.0,2.0,273.781,-21.2393,0.937307,29.0006,1.252,0.0,0.0,18.143008439254764,-0.3062148094177246,ztf_20180725181424_000846_zr_c02_o_q4_scimrefdiffimg.fits,b'ztf_20180725181424_000846_zr_c02_o_q4_diffimgpsf.fits',249.1278709224767,69.69004214473475,1.7547219813040802e-08,4.908589674683285e-09,2458187.014664352,2458222.870289352,8460242.0,17.5043,-1.7900022454267168,1.0969634643354953,19.38947920875066,0.3037195396700293,324.68145829997957,p48r
2458324.6823727,b'r',1.894,6.2,25.83883,1.70127e-05,1.0,846.0,2.0,4.0,2.0,273.789,-21.2404,0.937367,28.9866,1.252,0.0,0.0,14.208092101907729,-0.7803235650062561,ztf_20180725182373_000846_zr_c02_o_q4_scimrefdiffimg.fits,b'ztf_20180725182373_000846_zr_c02_o_q4_diffimgpsf.fits',294.9636835871477,54.4035414316339,1.362186425801434e-08,2.5124369556238905e-09,2458187.014664352,2458222.870289352,8460242.0,13.8326,-1.7900022454267168,1.0969634643354953,19.664408629449532,0.20025480457186626,324.68237269995734,p48r
2458324.7176736,b'r',2.282,6.2,25.202505,4.80549e-05,2.0,846.0,2.0,4.0,2.0,274.068,-21.279,0.938983,28.6019,1.302,0.0,0.0,17.495050722169875,-3.5404720306396484,ztf_20180725217627_000846_zr_c02_o_q4_scimrefdiffimg.fits,b'ztf_20180725217627_000846_zr_c02_o_q4_diffimgpsf.fits',33.75346907138683,69.5480854101129,2.8010213223068843e-09,5.7714266285425655e-09,2458187.014664352,2458222.870289352,8460242.0,18.3334,-1.7900022454267168,1.0969634643354953,0.0,0.0,324.71767360018566,p48r
2458324.7467014,b'r',2.086,6.2,26.133659,1.16212e-05,2.0,846.0,2.0,4.0,2.0,274.293,-21.3004,0.940292,28.2872,1.363,0.0,0.0,10.322467443418503,-0.303017795085907,ztf_20180725246690_000846_zr_c02_o_q4_scimrefdiffimg.fits,b'ztf_20180725246690_000846_zr_c02_o_q4_diffimgpsf.fits',334.65574939862535,44.125718668717646,1.1779712488338646e-08,1.553202901505487e-09,2458187.014664352,2458222.870289352,8460242.0,10.5902,-1.7900022454267168,1.0969634643354953,19.822163273501282,0.14315872523792977,324.7467013997957,p48r
2458324.7631366,b'g',2.056,6.2,26.162546,2.84393e-05,2.0,846.0,2.0,4.0,1.0,274.42,-21.3083,0.941013,28.1123,1.406,0.0,0.0,11.047766582489007,0.9738472700119019,ztf_20180725263137_000846_zg_c02_o_q4_scimrefdiffimg.fits,b'ztf_20180725263137_000846_zg_c02_o_q4_diffimgpsf.fits',415.84602672359784,37.88097352541285,1.4253258323767185e-08,1.298382787948479e-09,2458202.8444328704,2458232.7846535994,8460241.0,11.8508,-14.421393447994506,0.8553559001605671,19.61521460926572,0.09890378526009004,324.7631366001442,p48g
2458324.7812616,b'g',2.325,6.2,26.161327,3.00391e-05,2.0,846.0,2.0,4.0,1.0,274.562,-21.3135,0.941844,27.9095,1.463,0.0,0.0,11.48343973069191,-0.38777732849121094,ztf_20180725281250_000846_zg_c02_o_q4_scimrefdiffimg.fits,b'ztf_20180725281250_000846_zg_c02_o_q4_diffimgpsf.fits',364.17623696147143,42.903327167492776,1.2496281619703237e-08,1.4721775313102859e-09,2458202.8444328704,2458232.7846535994,8460241.0,11.8041,-14.421393447994506,0.8553559001605671,19.758047989935953,0.12790976501800227,324.7812616000883,p48g
2458324.8035185,b'g',2.38,6.2,26.127879,2.90653e-05,2.0,846.0,2.0,4.0,1.0,274.738,-21.3149,0.94284,27.6647,1.546,0.0,0.0,11.544318735599518,-0.47430312633514404,ztf_20180725303461_000846_zg_c02_o_q4_scimrefdiffimg.fits,b'ztf_20180725303461_000846_zg_c02_o_q4_diffimgpsf.fits',305.6012339213855,44.95549634254121,1.081442675255169e-08,1.590857223096793e-09,2458202.8444328704,2458232.7846535994,8460241.0,12.0707,-14.421393447994506,0.8553559001605671,19.914991241371702,0.15971732235456862,324.80351850017905,p48g
2458324.8044329,b'g',2.549,6.2,26.137721,3.30585e-05,1.0,846.0,2.0,4.0,1.0,274.746,-21.3148,0.942868,27.6577,1.55,0.0,0.0,11.71834972500801,-0.16971886157989502,ztf_20180725304433_000846_zg_c02_o_q4_scimrefdiffimg.fits,b'ztf_20180725304433_000846_zg_c02_o_q4_diffimgpsf.fits',463.7544647934565,48.41343020001217,1.6262964118777802e-08,1.6977645962914196e-09,2458202.8444328704,2458232.7846535994,8460241.0,12.1529,-14.421393447994506,0.8553559001605671,19.472000740472826,0.11334492752288587,324.8044329001568,p48g
2458326.6774537,b'g',1.759,6.2,26.208549,2.48476e-05,2.0,846.0,2.0,4.0,1.0,299.335,-20.5952,0.995996,7.25589,1.252,0.0,0.0,11.727832141780851,0.974506139755249,ztf_20180727177454_000846_zg_c02_o_q4_scimrefdiffimg.fits,b'ztf_20180727177454_000846_zg_c02_o_q4_diffimgpsf.fits',585.4990190143384,37.06786757301092,1.9235636953534325e-08,1.2178057805494795e-09,2458202.8444328704,2458232.7846535994,8460241.0,13.6758,-14.421393447994506,0.8553559001605671,19.28973357059526,0.06873782394106588,326.6774536999874,p48g
2458326.6951389,b'g',2.328,6.2,26.094539,5.17549e-05,2.0,846.0,2.0,4.0,1.0,299.495,-20.5936,0.996209,7.06006,1.274,0.0,0.0,12.801851659011842,-0.6517782211303711,ztf_20180727195023_000846_zg_c02_o_q4_scimrefdiffimg.fits,b'ztf_20180727195023_000846_zg_c02_o_q4_diffimgpsf.fits',423.0364679197713,45.431318317177556,1.5436975234016006e-08,1.6578291896325403e-09,2458202.8444328704,2458232.7846535994,8460241.0,13.8902,-14.421393447994506,0.8553559001605671,19.528594481481704,0.11660089785741073,326.6951389000751,p48g
2458326.7805093,b'r',1.93,6.2,25.763736,2.08793e-05,2.0,846.0,2.0,4.0,2.0,300.194,-20.5457,0.997141,6.12984,1.479,0.0,0.0,11.232595715284347,-0.32188481092453003,ztf_20180727280451_000846_zr_c02_o_q4_scimrefdiffimg.fits,b'ztf_20180727280451_000846_zr_c02_o_q4_diffimgpsf.fits',326.27556137089533,43.77849574354684,1.6146936805135867e-08,2.166538641402113e-09,2458187.014664352,2458222.870289352,8460242.0,11.7304,-1.7900022454267168,1.0969634643354953,19.47977463608841,0.14568022841518583,326.7805093000643,p48r
2458326.8049537,b'r',1.881,6.2,25.595863,2.47063e-05,2.0,846.0,2.0,4.0,2.0,300.381,-20.5182,0.997384,5.86406,1.575,0.0,0.0,10.45525264840126,0.3018503189086914,ztf_20180727304896_000846_zr_c02_o_q4_scimrefdiffimg.fits,b'ztf_20180727304896_000846_zr_c02_o_q4_diffimgpsf.fits',345.2915101820914,39.85106720312142,1.994530584790135e-08,2.301944055217812e-09,2458187.014664352,2458222.870289352,8460242.0,11.8631,-1.7900022454267168,1.0969634643354953,19.25039824922047,0.12530788051769595,326.8049536999315,p48r
2458326.8261574,b'r',2.163,6.2,25.489275,2.98755e-05,2.0,846.0,2.0,4.0,2.0,300.542,-20.4891,0.997585,5.63326,1.676,0.0,0.0,11.222241431474686,-0.47279858589172363,ztf_20180727326076_000846_zr_c02_o_q4_scimrefdiffimg.fits,b'ztf_20180727326076_000846_zr_c02_o_q4_diffimgpsf.fits',263.3449844173418,48.39100675117025,1.678089234811715e-08,3.0835760392759626e-09,2458187.014664352,2458222.870289352,8460242.0,12.26,-1.7900022454267168,1.0969634643354953,19.437962371646876,0.1995096611380285,326.8261573999189,p48r
2458327.6788773,b'g',1.781,6.2,26.129923,1.99219e-05,2.0,846.0,2.0,4.0,1.0,311.893,-18.9118,-0.998983,356.345,1.257,0.0,0.0,12.122819080877305,0.12351346015930176,ztf_20180728178866_000846_zg_c02_o_q4_scimrefdiffimg.fits,b'ztf_20180728178866_000846_zg_c02_o_q4_diffimgpsf.fits',603.404982052953,38.31514077900705,2.131275986222507e-08,1.3533223173355086e-09,2458202.8444328704,2458232.7846535994,8460241.0,13.9152,-14.421393447994506,0.8553559001605671,19.178400770913125,0.06894231653417272,327.67887730011716,p48g
2458327.6973148,b'g',1.752,6.2,26.048602,3.48258e-05,2.0,846.0,2.0,4.0,1.0,312.069,-18.8964,-0.998867,356.142,1.281,0.0,0.0,12.790672908639907,-1.119583785533905,ztf_20180728197315_000846_zg_c02_o_q4_scimrefdiffimg.fits,b'ztf_20180728197315_000846_zg_c02_o_q4_diffimgpsf.fits',476.1516822359588,39.96749779502101,1.8126106318899504e-08,1.521479802036229e-09,2458202.8444328704,2458232.7846535994,8460241.0,14.5721,-14.421393447994506,0.8553559001605671,19.354238692439953,0.09113516586607218,327.6973148002289,p48g
2458327.7990741,b'r',2.769,6.2,25.741828,2.74233e-05,2.0,846.0,2.0,4.0,2.0,312.918,-18.7645,-0.99812,355.03,1.562,0.0,0.0,15.275779462194441,1.3334636688232422,ztf_20180728299074_000846_zr_c02_o_q4_scimrefdiffimg.fits,b'ztf_20180728299074_000846_zr_c02_o_q4_diffimgpsf.fits',378.55141865589434,66.31155074638001,1.911585282057877e-08,3.348559257946813e-09,2458187.014664352,2458222.870289352,8460242.0,16.0674,-1.7900022454267168,1.0969634643354953,19.29651580479647,0.19019041704574047,327.7990740998648,p48r
2458327.8238773,b'r',3.322,6.2,25.664465,2.95542e-05,2.0,846.0,2.0,4.0,2.0,313.104,-18.7182,-0.997908,354.757,1.678,0.0,0.0,12.599916974067689,-0.04187744855880737,ztf_20180728323866_000846_zr_c02_o_q4_scimrefdiffimg.fits,b'ztf_20180728323866_000846_zr_c02_o_q4_diffimgpsf.fits',387.11238078822714,58.86566391127238,2.0991866768949166e-08,3.1920968049979286e-09,2458187.014664352,2458222.870289352,8460242.0,13.5299,-1.7900022454267168,1.0969634643354953,19.19487234668308,0.16510085112609044,327.8238773001358,p48r
2458327.8385301,b'r',1.776,6.2,25.505956,3.04423e-05,2.0,846.0,2.0,4.0,2.0,313.213,-18.6879,-0.997784,354.604,1.759,0.0,0.0,11.987349069976805,1.1982767581939697,ztf_20180728338461_000846_zr_c02_o_q4_scimrefdiffimg.fits,b'ztf_20180728338461_000846_zr_c02_o_q4_diffimgpsf.fits',193.15102933129282,44.21626790474592,1.212033509014359e-08,2.77459555517907e-09,2458187.014664352,2458222.870289352,8460242.0,13.2789,-1.7900022454267168,1.0969634643354953,19.791213432728668,0.24854748861429452,327.83853009995073,p48r
2458331.6667824,b'r',2.615,6.2,26.098799,8.2426e-06,1.0,846.0,2.0,4.0,2.0,359.159,-5.66651,-0.837023,312.38,1.256,0.0,0.0,6.647074025201797,0.6004757285118103,ztf_20180801166713_000846_zr_c02_o_q4_scimrefdiffimg.fits,b'ztf_20180801166713_000846_zr_c02_o_q4_diffimgpsf.fits',619.2146746959196,29.51241375596699,2.2507208808981234e-08,1.072716933937862e-09,2458187.014664352,2458222.870289352,8460242.0,6.69285,-1.7900022454267168,1.0969634643354953,19.119195899773093,0.05174731449457724,331.66678240010515,p48r
2458331.8037269,b'g',1.788,6.2,26.055664,2.31382e-05,1.0,846.0,2.0,4.0,1.0,0.653676,-5.14919,-0.826983,310.841,1.632,0.0,0.0,8.614338647365571,0.3943284749984741,ztf_20180801303727_000846_zg_c02_o_q4_scimrefdiffimg.fits,b'ztf_20180801303727_000846_zg_c02_o_q4_diffimgpsf.fits',644.066606035023,29.511550002442828,2.4359321208230583e-08,1.1161600320197678e-09,2458202.8444328704,2458232.7846535994,8460241.0,9.60314,-14.421393447994506,0.8553559001605671,19.033337044575237,0.04974914311891377,331.80372689990327,p48g
2458334.6640394,b'r',2.399,6.2,26.136025,9.7807e-06,1.0,846.0,2.0,4.0,2.0,34.3655,7.33705,-0.565993,277.584,1.261,0.0,0.0,7.05215421409607,-0.46568161249160767,ztf_20180804164039_000846_zr_c02_o_q4_scimrefdiffimg.fits,b'ztf_20180804164039_000846_zr_c02_o_q4_diffimgpsf.fits',770.9218523987959,30.56960851045196,2.70769882357683e-08,1.073692422641215e-09,2458187.014664352,2458222.870289352,8460242.0,7.14964,-1.7900022454267168,1.0969634643354953,18.91849910932171,0.043053042896997684,334.6640393999405,p48r
2458334.6849653,b'g',1.84,6.2,26.165547,1.18131e-05,1.0,846.0,2.0,4.0,1.0,34.6982,7.4355,-0.563814,277.333,1.291,0.0,0.0,4.539627161550522,0.120083749294281,ztf_20180804184907_000846_zg_c02_o_q4_scimrefdiffimg.fits,b'ztf_20180804184907_000846_zg_c02_o_q4_diffimgpsf.fits',848.8596548304513,18.364567156020893,2.901463373477275e-08,6.277141976079519e-10,2458202.8444328704,2458232.7846535994,8460241.0,4.53836,-14.421393447994506,0.8553559001605671,18.84345726841562,0.023489251555392415,334.6849652999081,p48g
2458337.6781597,b'g',1.734,6.2,26.230839,1.06735e-05,1.0,846.0,2.0,4.0,1.0,74.9238,17.943,-0.244298,239.243,1.293,0.0,0.0,4.518615633010864,-0.07445192337036133,ztf_20180807178160_000846_zg_c02_o_q4_scimrefdiffimg.fits,b'ztf_20180807178160_000846_zg_c02_o_q4_diffimgpsf.fits',871.0714310585385,17.860068316904687,2.8036136786508268e-08,5.74840774303565e-10,2458202.8444328704,2458232.7846535994,8460241.0,4.41375,-14.421393447994506,0.8553559001605671,18.880704574471196,0.022261463674015273,337.6781596997753,p48g
2458337.6959375,b'r',2.834,6.2,26.172856,9.1639e-06,1.0,846.0,2.0,4.0,2.0,75.2797,17.9895,-0.242517,239.005,1.326,0.0,0.0,5.691608050870895,-0.01743316650390625,ztf_20180807195891_000846_zr_c02_o_q4_scimrefdiffimg.fits,b'ztf_20180807195891_000846_zr_c02_o_q4_diffimgpsf.fits',841.484091657736,29.95889132398273,2.8569557246705838e-08,1.0171461270221139e-09,2458187.014664352,2458222.870289352,8460242.0,5.70314,-1.7900022454267168,1.0969634643354953,18.860241224979653,0.03865486490046168,337.6959374998696,p48r
2458344.6654514,b'g',2.087,6.2,26.165632,1.3039e-05,1.0,846.0,2.0,4.0,1.0,180.279,3.52805,0.107257,141.766,1.302,0.0,0.0,5.195499912023544,-0.163793683052063,ztf_20180814165382_000846_zg_c02_o_q4_scimrefdiffimg.fits,b'ztf_20180814165382_000846_zg_c02_o_q4_diffimgpsf.fits',614.4706386813306,18.950159073867237,2.1001404305876042e-08,6.476794129660178e-10,2458202.8444328704,2458232.7846535994,8460241.0,4.85676,-14.421393447994506,0.8553559001605671,19.19437916055784,0.03348390314722643,344.665451399982,p48g
2458344.6832986,b'r',2.497,6.2,26.098735,6.1473e-06,1.0,846.0,2.0,4.0,2.0,180.518,3.43327,0.108583,141.521,1.338,0.0,0.0,6.093034873247147,-0.03114461898803711,ztf_20180814183264_000846_zr_c02_o_q4_scimrefdiffimg.fits,b'ztf_20180814183264_000846_zr_c02_o_q4_diffimgpsf.fits',674.2791015358447,27.45607482848219,2.451013478177992e-08,9.980319716232547e-10,2458187.014664352,2458222.870289352,8460242.0,6.02843,-1.7900022454267168,1.0969634643354953,19.02663575136569,0.04421026056139928,344.68329859990627,p48r
2458347.7016204,b'g',2.145,6.2,26.151844,1.56718e-05,1.0,846.0,2.0,4.0,1.0,219.667,-10.7424,0.387547,102.997,1.406,0.0,0.0,6.075611688184738,0.32658934593200684,ztf_20180817201609_000846_zg_c02_o_q4_scimrefdiffimg.fits,b'ztf_20180817201609_000846_zg_c02_o_q4_diffimgpsf.fits',535.3798172440138,21.220076825564828,1.8532089763522012e-08,7.345297337163915e-10,2458202.8444328704,2458232.7846535994,8460241.0,5.84258,-14.421393447994506,0.8553559001605671,19.330189012200172,0.04303376119713273,347.70162039995193,p48g
2458349.6539352,b'g',1.866,6.2,26.166025,1.85837e-05,2.0,846.0,2.0,4.0,1.0,244.526,-17.43,0.584834,80.2315,1.304,0.0,0.0,7.848260077810287,0.05882018804550171,ztf_20180819153924_000846_zg_c02_o_q4_scimrefdiffimg.fits,b'ztf_20180819153924_000846_zg_c02_o_q4_diffimgpsf.fits',431.0827401107381,26.021459916665087,1.4728232615072645e-08,8.890407673136286e-10,2458202.8444328704,2458232.7846535994,8460241.0,7.93133,-14.421393447994506,0.8553559001605671,19.57962341320119,0.06553832858333038,349.6539352000691,p48g
2458349.676875,b'g',1.786,6.2,26.148724,1.83652e-05,2.0,846.0,2.0,4.0,1.0,244.711,-17.4766,0.586999,79.9797,1.353,0.0,0.0,6.8910833222389165,0.26276230812072754,ztf_20180819176806_000846_zg_c02_o_q4_scimrefdiffimg.fits,b'ztf_20180819176806_000846_zg_c02_o_q4_diffimgpsf.fits',451.5816556922412,23.056739098924414,1.5676412818380115e-08,8.004022653254997e-10,2458202.8444328704,2458232.7846535994,8460241.0,7.3223,-14.421393447994506,0.8553559001605671,19.511883271127243,0.055435240695844094,349.67687499988824,p48g
2458349.6991435,b'g',1.773,6.2,26.143513,1.44421e-05,2.0,846.0,2.0,4.0,1.0,244.898,-17.5175,0.589222,79.7209,1.414,0.0,0.0,6.212858266830443,0.12944650650024414,ztf_20180819199074_000846_zg_c02_o_q4_scimrefdiffimg.fits,b'ztf_20180819199074_000846_zg_c02_o_q4_diffimgpsf.fits',437.1761738850696,21.22317842908677,1.5249348331575704e-08,7.402957252704264e-10,2458202.8444328704,2458232.7846535994,8460241.0,7.33019,-14.421393447994506,0.8553559001605671,19.541871787850013,0.0527082111102073,349.6991435000673,p48g
2458349.7393866,b'r',1.867,6.2,26.081771,8.82e-06,2.0,846.0,2.0,4.0,2.0,245.261,-17.5818,0.593123,79.2663,1.561,0.0,0.0,7.2026835562467575,0.476714551448822,ztf_20180819239317_000846_zr_c02_o_q4_scimrefdiffimg.fits,b'ztf_20180819239317_000846_zr_c02_o_q4_diffimgpsf.fits',531.5442367986758,29.235177049474718,1.9625964716171616e-08,1.0794370812070868e-09,2458187.014664352,2458222.870289352,8460242.0,8.13105,-1.7900022454267168,1.0969634643354953,19.26792246567811,0.05971599036144558,349.73938659997657,p48r
2458349.7648495,b'r',2.017,6.2,26.078692,9.2792e-06,2.0,846.0,2.0,4.0,2.0,245.511,-17.617,0.59558,78.9795,1.684,0.0,0.0,7.986956441307066,0.0062372684478759766,ztf_20180819264768_000846_zr_c02_o_q4_scimrefdiffimg.fits,b'ztf_20180819264768_000846_zr_c02_o_q4_diffimgpsf.fits',512.1977917351556,32.28758992197592,1.896535174020005e-08,1.1955254693056108e-09,2458187.014664352,2458222.870289352,8460242.0,8.27547,-1.7900022454267168,1.0969634643354953,19.305097745649565,0.06844193050130393,349.7648494997993,p48r
2458349.7798264,b'r',2.181,6.2,26.076701,8.9449e-06,2.0,846.0,2.0,4.0,2.0,245.665,-17.636,0.597017,78.8116,1.769,0.0,0.0,7.989071488857268,0.32523250579833984,ztf_20180819279769_000846_zr_c02_o_q4_scimrefdiffimg.fits,b'ztf_20180819279769_000846_zr_c02_o_q4_diffimgpsf.fits',500.00534771423304,33.507956266268074,1.8547878796366066e-08,1.2429897381663837e-09,2458187.014664352,2458222.870289352,8460242.0,8.29175,-1.7900022454267168,1.0969634643354953,19.32926437680814,0.07276082487311047,349.7798263998702,p48r
2458350.6608218,b'r',2.065,6.2,26.171023,8.0102e-06,2.0,846.0,2.0,4.0,2.0,257.298,-19.6846,0.679421,68.9709,1.323,0.0,0.0,7.205764228773116,0.7335678339004517,ztf_20180820160810_000846_zr_c02_o_q4_scimrefdiffimg.fits,b'ztf_20180820160810_000846_zr_c02_o_q4_diffimgpsf.fits',544.9869158300072,28.269550548119945,1.853432933772144e-08,9.614123755425943e-10,2458187.014664352,2458222.870289352,8460242.0,7.6568,-1.7900022454267168,1.0969634643354953,19.330057810597566,0.056319287566810906,350.6608218001202,p48r
2458350.6772454,b'r',1.859,6.2,26.147906,1.36075e-05,1.0,846.0,2.0,4.0,2.0,257.426,-19.7072,0.680901,68.7891,1.361,0.0,0.0,6.7962348894119256,-0.23411989212036133,ztf_20180820177199_000846_zr_c02_o_q4_scimrefdiffimg.fits,b'ztf_20180820177199_000846_zr_c02_o_q4_diffimgpsf.fits',534.3437385416538,26.62095510818561,1.8563434273110347e-08,9.248285895965992e-10,2458187.014664352,2458222.870289352,8460242.0,7.5968,-1.7900022454267168,1.0969634643354953,19.328354188303575,0.054091277947148006,350.6772453999147,p48r
2458350.6781597,b'r',1.855,6.2,26.149419,8.8776e-06,2.0,846.0,2.0,4.0,2.0,257.433,-19.7084,0.680958,68.7821,1.363,0.0,0.0,6.616941885018349,0.4759286642074585,ztf_20180820178148_000846_zr_c02_o_q4_scimrefdiffimg.fits,b'ztf_20180820178148_000846_zr_c02_o_q4_diffimgpsf.fits',524.8684026888645,25.84457499735891,1.8208863019313027e-08,8.966063302661318e-10,2458187.014664352,2458222.870289352,8460242.0,7.59992,-1.7900022454267168,1.0969634643354953,19.34929292791444,0.05346176491924594,350.6781596997753,p48r
2458350.6965162,b'r',2.209,6.2,26.139784,7.3222e-06,2.0,846.0,2.0,4.0,2.0,257.58,-19.7302,0.682607,68.5793,1.414,0.0,0.0,7.261008565616606,0.34910571575164795,ztf_20180820196505_000846_zr_c02_o_q4_scimrefdiffimg.fits,b'ztf_20180820196505_000846_zr_c02_o_q4_diffimgpsf.fits',546.96521461135,29.985271482893136,1.9144591648991475e-08,1.0495288677100974e-09,2458187.014664352,2458222.870289352,8460242.0,7.78954,-1.7900022454267168,1.0969634643354953,19.294884731619415,0.059521326466719746,350.69651619996876,p48r
2458350.7424653,b'g',1.689,6.2,26.143215,1.37971e-05,2.0,846.0,2.0,4.0,1.0,257.968,-19.7709,0.686747,68.0687,1.587,0.0,0.0,6.757938613152503,0.5093351602554321,ztf_20180820242465_000846_zg_c02_o_q4_scimrefdiffimg.fits,b'ztf_20180820242465_000846_zg_c02_o_q4_diffimgpsf.fits',425.1876781447551,22.459031692323457,1.4835243199755416e-08,7.836191497418828e-10,2458202.8444328704,2458232.7846535994,8460241.0,8.14022,-14.421393447994506,0.8553559001605671,19.571763324337507,0.057350167446568796,350.74246530001983,p48g
2458350.7606829,b'g',1.694,6.2,26.11115,1.63596e-05,1.0,846.0,2.0,4.0,1.0,258.133,-19.782,0.688388,67.8659,1.676,0.0,0.0,7.680763781070709,0.4420965313911438,ztf_20180820260683_000846_zg_c02_o_q4_scimrefdiffimg.fits,b'ztf_20180820260683_000846_zg_c02_o_q4_diffimgpsf.fits',419.57689773312285,25.315774242041243,1.507827179783474e-08,9.09769195490233e-10,2458202.8444328704,2458232.7846535994,8460241.0,8.29402,-14.421393447994506,0.8553559001605671,19.554121081124922,0.06550945405157553,350.76068289997056,p48g
2458350.7615972,b'g',1.881,6.2,26.12155,1.93524e-05,2.0,846.0,2.0,4.0,1.0,258.141,-19.7825,0.688445,67.8589,1.681,0.0,0.0,7.556817653846739,0.7149587869644165,ztf_20180820261586_000846_zg_c02_o_q4_scimrefdiffimg.fits,b'ztf_20180820261586_000846_zg_c02_o_q4_diffimgpsf.fits',346.0336364623758,25.10416722910977,1.2316812120001805e-08,8.93564347337047e-10,2458202.8444328704,2458232.7846535994,8460241.0,8.30367,-14.421393447994506,0.8553559001605671,19.773754208076003,0.07876836585088368,350.76159719983116,p48g
2458350.7753356,b'g',1.772,6.2,26.096597,1.50602e-05,2.0,846.0,2.0,4.0,1.0,258.271,-19.7892,0.689688,67.705,1.758,0.0,0.0,7.087915165233611,0.11229348182678223,ztf_20180820275336_000846_zg_c02_o_q4_scimrefdiffimg.fits,b'ztf_20180820275336_000846_zg_c02_o_q4_diffimgpsf.fits',436.0243447262127,23.00084619950037,1.588078397392386e-08,8.377318531812972e-10,2458202.8444328704,2458232.7846535994,8460241.0,8.3322,-14.421393447994506,0.8553559001605671,19.49782015478097,0.05727398624473077,350.775335600134,p48g
2458351.6543634,b'r',2.387,6.2,26.181888,8.2966e-06,2.0,846.0,2.0,4.0,2.0,270.033,-21.028,0.764515,58.0601,1.315,0.0,0.0,7.063632116699219,0.21880769729614258,ztf_20180821154352_000846_zr_c02_o_q4_scimrefdiffimg.fits,b'ztf_20180821154352_000846_zr_c02_o_q4_diffimgpsf.fits',488.8917385379919,29.130275331975508,1.6461048650334248e-08,9.808201807920686e-10,2458187.014664352,2458222.870289352,8460242.0,8.03093,-1.7900022454267168,1.0969634643354953,19.45885625383201,0.06469283964006384,351.65436339983717,p48r
2458351.6793171,b'r',2.184,6.2,26.163424,7.7309e-06,2.0,846.0,2.0,4.0,2.0,270.225,-21.0481,0.766532,57.7873,1.373,0.0,0.0,7.416791031360626,0.04357492923736572,ztf_20180821179317_000846_zr_c02_o_q4_scimrefdiffimg.fits,b'ztf_20180821179317_000846_zr_c02_o_q4_diffimgpsf.fits',509.38651241141696,31.885072469996075,1.744527586812058e-08,1.0919878625755826e-09,2458187.014664352,2458222.870289352,8460242.0,8.011,-1.7900022454267168,1.0969634643354953,19.39580539628556,0.06796170874668336,351.67931709997356,p48r
2458351.703206,b'r',2.169,6.2,26.149954,7.3841e-06,2.0,846.0,2.0,4.0,2.0,270.41,-21.0609,0.76844,57.5286,1.444,0.0,0.0,7.807955607938766,0.5719193816184998,ztf_20180821203206_000846_zr_c02_o_q4_scimrefdiffimg.fits,b'ztf_20180821203206_000846_zr_c02_o_q4_diffimgpsf.fits',432.77199666482426,31.652112525282416,1.50064356814431e-08,1.0975418846563914e-09,2458187.014664352,2458222.870289352,8460242.0,8.23155,-1.7900022454267168,1.0969634643354953,19.559306122107035,0.07940866077102463,351.7032059999183,p48r
2458351.7411806,b'g',1.836,6.2,26.166946,1.80716e-05,2.0,846.0,2.0,4.0,1.0,270.716,-21.0687,0.771471,57.1159,1.593,0.0,0.0,8.337893474674225,-0.026713848114013672,ztf_20180821241123_000846_zg_c02_o_q4_scimrefdiffimg.fits,b'ztf_20180821241123_000846_zg_c02_o_q4_diffimgpsf.fits',365.65850302909695,26.98386311039575,1.2482376474367853e-08,9.211402000887204e-10,2458202.8444328704,2458232.7846535994,8460241.0,9.02313,-14.421393447994506,0.8553559001605671,19.759256807577458,0.08012218402066103,351.7411806001328,p48g
2458351.7586806,b'g',1.793,6.2,26.123689,1.48864e-05,2.0,846.0,2.0,4.0,1.0,270.863,-21.0674,0.772904,56.9201,1.68,0.0,0.0,8.156023198366164,1.2686002850532532,ztf_20180821258646_000846_zg_c02_o_q4_scimrefdiffimg.fits,b'ztf_20180821258646_000846_zg_c02_o_q4_diffimgpsf.fits',330.76227681159827,26.84838439844299,1.1750067804716365e-08,9.537675960820788e-10,2458202.8444328704,2458232.7846535994,8460241.0,9.19939,-14.421393447994506,0.8553559001605671,19.824899068133973,0.08813055611268769,351.7586806002073,p48g
2458351.7810301,b'g',1.727,6.2,26.117296,1.69484e-05,2.0,846.0,2.0,4.0,1.0,271.06,-21.0616,0.774641,56.6823,1.81,0.0,0.0,9.095560240221014,0.0109025239944458,ztf_20180821280961_000846_zg_c02_o_q4_scimrefdiffimg.fits,b'ztf_20180821280961_000846_zg_c02_o_q4_diffimgpsf.fits',358.99598063682373,28.619416861692216,1.2828361395226865e-08,1.0226861838661138e-09,2458202.8444328704,2458232.7846535994,8460241.0,9.41838,-14.421393447994506,0.8553559001605671,19.729572034522306,0.08655567002832575,351.781030099839,p48g
2458353.6550347,b'r',2.44,6.2,26.169836,9.3729e-06,2.0,846.0,2.0,4.0,2.0,295.603,-20.9176,0.90274,36.3434,1.327,0.0,0.0,9.068246750831594,0.1809138059616089,ztf_20180823155023_000846_zr_c02_o_q4_scimrefdiffimg.fits,b'ztf_20180823155023_000846_zr_c02_o_q4_diffimgpsf.fits',497.2698294570717,41.12962293237813,1.693002932456727e-08,1.4002975545622537e-09,2458187.014664352,2458222.870289352,8460242.0,9.33476,-1.7900022454267168,1.0969634643354953,19.428355724118283,0.08980219249923663,353.6550346999429,p48r
2458353.6750694,b'r',2.201,6.2,26.174078,8.7822e-06,1.0,846.0,2.0,4.0,2.0,295.762,-20.9102,0.903822,36.1336,1.376,0.0,0.0,8.734428495168686,-0.32671016454696655,ztf_20180823174965_000846_zr_c02_o_q4_scimrefdiffimg.fits,b'ztf_20180823174965_000846_zr_c02_o_q4_diffimgpsf.fits',469.18118032465543,34.88398209922408,1.5911436263249237e-08,1.1830275474406937e-09,2458187.014664352,2458222.870289352,8460242.0,9.39103,-1.7900022454267168,1.0969634643354953,19.495726541290427,0.08072532348630865,353.67506940010935,p48r
2458353.6759838,b'r',1.961,6.2,26.176057,8.1647e-06,2.0,846.0,2.0,4.0,2.0,295.769,-20.9098,0.903894,36.1196,1.378,0.0,0.0,8.164057699108124,-0.5477002859115601,ztf_20180823175972_000846_zr_c02_o_q4_scimrefdiffimg.fits,b'ztf_20180823175972_000846_zr_c02_o_q4_diffimgpsf.fits',449.61564184214126,31.553171227505974,1.5220138752793816e-08,1.0681204171697027e-09,2458187.014664352,2458222.870289352,8460242.0,9.33935,-1.7900022454267168,1.0969634643354953,19.543953470868605,0.0761949037915064,353.6759838000871,p48r
2458353.6973727,b'r',2.497,6.2,26.183323,9.4092e-06,2.0,846.0,2.0,4.0,2.0,295.935,-20.897,0.905078,35.8888,1.442,0.0,0.0,8.527165346527099,0.05171823501586914,ztf_20180823197326_000846_zr_c02_o_q4_scimrefdiffimg.fits,b'ztf_20180823197326_000846_zr_c02_o_q4_diffimgpsf.fits',480.50817321968765,36.03660362608966,1.6157403813725424e-08,1.2117545407142459e-09,2458187.014664352,2458222.870289352,8460242.0,9.64005,-1.7900022454267168,1.0969634643354953,19.479071051965587,0.0814268054014902,353.6973727000877,p48r
2458353.7353356,b'r',2.312,6.2,26.157714,8.4812e-06,2.0,846.0,2.0,4.0,2.0,296.225,-20.8619,0.907179,35.4761,1.592,0.0,0.0,8.71062896490097,0.26639431715011597,ztf_20180823235336_000846_zr_c02_o_q4_scimrefdiffimg.fits,b'ztf_20180823235336_000846_zr_c02_o_q4_diffimgpsf.fits',388.4988503847372,35.891177604371315,1.3375318670853311e-08,1.2356688807992861e-09,2458187.014664352,2458222.870289352,8460242.0,9.94861,-1.7900022454267168,1.0969634643354953,19.684239654978153,0.10030493283874417,353.73533560009673,p48r
2458353.7610417,b'r',2.321,6.2,26.131892,1.27569e-05,2.0,846.0,2.0,4.0,2.0,296.421,-20.8291,0.908591,35.1964,1.723,0.0,0.0,10.073050290346146,-0.04489791393280029,ztf_20180823261030_000846_zr_c02_o_q4_scimrefdiffimg.fits,b'ztf_20180823261030_000846_zr_c02_o_q4_diffimgpsf.fits',495.56831086845744,40.53880276546593,1.7472165212152937e-08,1.429269489580747e-09,2458187.014664352,2458222.870289352,8460242.0,10.2903,-1.7900022454267168,1.0969634643354953,19.394133180956715,0.08881610334789031,353.7610416999087,p48r
2458353.7812384,b'r',2.076,6.2,26.119432,9.3875e-06,1.0,846.0,2.0,4.0,2.0,296.579,-20.7984,0.909678,34.9795,1.847,0.0,0.0,9.741226119709014,-0.06208735704421997,ztf_20180823281238_000846_zr_c02_o_q4_scimrefdiffimg.fits,b'ztf_20180823281238_000846_zr_c02_o_q4_diffimgpsf.fits',438.3274416374522,39.04875307916546,1.5632407251723612e-08,1.3926255937801868e-09,2458187.014664352,2458222.870289352,8460242.0,10.5847,-1.7900022454267168,1.0969634643354953,19.514935348355664,0.09672368449032201,353.7812383999117,p48r
2458353.7821528,b'r',1.918,6.2,26.118445,8.9064e-06,2.0,846.0,2.0,4.0,2.0,296.586,-20.7969,0.909748,34.9655,1.853,0.0,0.0,9.905732490491866,-0.00836169719696045,ztf_20180823282153_000846_zr_c02_o_q4_scimrefdiffimg.fits,b'ztf_20180823282153_000846_zr_c02_o_q4_diffimgpsf.fits',435.4894444531035,37.84615832114336,1.5545318800051474e-08,1.35096408552263e-09,2458187.014664352,2458222.870289352,8460242.0,10.6147,-1.7900022454267168,1.0969634643354953,19.521000917779297,0.09435577602789466,353.78215279988945,p48r
2458354.6834838,b'r',2.22,6.2,26.133522,1.17512e-05,2.0,846.0,2.0,4.0,2.0,308.447,-19.4467,0.952485,25.1808,1.408,0.0,0.0,10.047067900538444,-3.877731204032898,ztf_20180824183449_000846_zr_c02_o_q4_scimrefdiffimg.fits,b'ztf_20180824183449_000846_zr_c02_o_q4_diffimgpsf.fits',382.6976833322694,46.71042776924725,1.3472464044626679e-08,1.6443908299233439e-09,2458187.014664352,2458222.870289352,8460242.0,11.2775,-1.7900022454267168,1.0969634643354953,19.6763824169437,0.13252027638790514,354.6834837999195,p48r
2458354.70125,b'r',2.246,6.2,26.148893,1.02735e-05,2.0,846.0,2.0,4.0,2.0,308.587,-19.4243,0.953209,24.9849,1.466,0.0,0.0,9.728486150503159,0.9706962704658508,ztf_20180824201250_000846_zr_c02_o_q4_scimrefdiffimg.fits,b'ztf_20180824201250_000846_zr_c02_o_q4_diffimgpsf.fits',399.63980137101305,44.21252770116039,1.3871120178471027e-08,1.5345750980658608e-09,2458187.014664352,2458222.870289352,8460242.0,10.6012,-1.7900022454267168,1.0969634643354953,19.644721163884064,0.12011601957542956,354.7012499999255,p48r
2458354.7158681,b'r',2.132,6.2,26.126566,1.3541e-05,2.0,846.0,2.0,4.0,2.0,308.7,-19.4035,0.953775,24.8311,1.52,0.0,0.0,10.97914651622772,-1.3458744883537292,ztf_20180824215833_000846_zr_c02_o_q4_scimrefdiffimg.fits,b'ztf_20180824215833_000846_zr_c02_o_q4_diffimgpsf.fits',484.1430738582217,49.58285493536142,1.71532857817764e-08,1.7567304642225436e-09,2458187.014664352,2458222.870289352,8460242.0,11.1533,-1.7900022454267168,1.0969634643354953,19.41413169193758,0.11119419866684258,354.7158681000583,p48r
2458354.7426505,b'r',1.858,6.2,26.139095,1.17418e-05,2.0,846.0,2.0,4.0,2.0,308.902,-19.3599,0.954871,24.5303,1.64,0.0,0.0,10.354739296531676,-0.5414893627166748,ztf_20180824242639_000846_zr_c02_o_q4_scimrefdiffimg.fits,b'ztf_20180824242639_000846_zr_c02_o_q4_diffimgpsf.fits',391.7461033315808,38.84963390454404,1.372039723362447e-08,1.360657855145229e-09,2458187.014664352,2458222.870289352,8460242.0,11.0488,-1.7900022454267168,1.0969634643354953,19.65658328682941,0.10767293908949457,354.74265050003305,p48r
2458355.7396759,b'r',1.664,6.2,26.139486,9.9815e-06,2.0,846.0,2.0,4.0,2.0,321.293,-17.0351,0.985912,13.6335,1.639,0.0,0.0,11.008186114120484,0.8378077745437622,ztf_20180825239664_000846_zr_c02_o_q4_scimrefdiffimg.fits,b'ztf_20180825239664_000846_zr_c02_o_q4_diffimgpsf.fits',440.56528680864886,39.7565052134757,1.5424669775691337e-08,1.39191848721858e-09,2458187.014664352,2458222.870289352,8460242.0,12.0807,-1.7900022454267168,1.0969634643354953,19.529460312342184,0.09797657373690148,355.73967589996755,p48r
2458355.758912,b'r',1.736,6.2,26.131317,1.03259e-05,2.0,846.0,2.0,4.0,2.0,321.436,-16.9898,0.98634,13.4237,1.742,0.0,0.0,11.003327666759493,-0.05568218231201172,ztf_20180825258900_000846_zr_c02_o_q4_scimrefdiffimg.fits,b'ztf_20180825258900_000846_zr_c02_o_q4_diffimgpsf.fits',473.6124098313882,40.44284935506874,1.6706915400774312e-08,1.4266418128117841e-09,2458187.014664352,2458222.870289352,8460242.0,12.4428,-1.7900022454267168,1.0969634643354953,19.442759316332122,0.09271350397331483,355.7589119998738,p48r
2458357.760787,b'r',2.431,6.2,26.150993,1.53055e-05,1.0,846.0,2.0,4.0,2.0,345.565,-10.2702,-0.994184,351.252,1.786,0.0,0.0,12.470452983379364,0.35848498344421387,ztf_20180827260729_000846_zr_c02_o_q4_scimrefdiffimg.fits,b'ztf_20180827260729_000846_zr_c02_o_q4_diffimgpsf.fits',369.31803256611744,61.74998200267236,1.2793910648457718e-08,2.1391421090508018e-09,2458187.014664352,2458222.870289352,8460242.0,12.8659,-1.7900022454267168,1.0969634643354953,19.732491716705447,0.18153511453506174,357.7607869999483,p48r
2458360.6588542,b'g',1.972,6.2,26.25063,1.1055e-05,2.0,846.0,2.0,4.0,1.0,19.7621,2.12975,-0.872971,318.24,1.397,0.0,0.0,4.734087014198302,0.10151362419128418,ztf_20180830158843_000846_zg_c02_o_q4_scimrefdiffimg.fits,b'ztf_20180830158843_000846_zg_c02_o_q4_diffimgpsf.fits',224.3151018949646,17.06201841879727,7.089351555441432e-09,5.392354187399596e-10,2458202.8444328704,2458232.7846535994,8460241.0,5.14844,-14.421393447994506,0.8553559001605671,20.373483716969183,0.08258405757357438,360.65885420003906,p48g
2458360.7233681,b'r',1.71,6.2,26.150044,1.0519e-05,2.0,846.0,2.0,4.0,2.0,20.526,2.42744,-0.86859,317.492,1.629,0.0,0.0,8.187661851882934,0.6392868757247925,ztf_20180830223322_000846_zr_c02_o_q4_scimrefdiffimg.fits,b'ztf_20180830223322_000846_zr_c02_o_q4_diffimgpsf.fits',376.9181363549578,31.947458060845047,1.3068611125114776e-08,1.1076912153873326e-09,2458187.014664352,2458222.870289352,8460242.0,9.08119,-1.7900022454267168,1.0969634643354953,19.70942641221721,0.09202664649859643,360.72336809989065,p48r
2458360.7413079,b'r',1.853,6.2,26.154807,1.04789e-05,2.0,846.0,2.0,4.0,2.0,20.7174,2.51067,-0.867392,317.289,1.718,0.0,0.0,9.13120266418457,0.55446457862854,ztf_20180830241250_000846_zr_c02_o_q4_scimrefdiffimg.fits,b'ztf_20180830241250_000846_zr_c02_o_q4_diffimgpsf.fits',424.5499645775223,36.434327078540896,1.4655681186958166e-08,1.257731550708332e-09,2458187.014664352,2458222.870289352,8460242.0,9.58681,-1.7900022454267168,1.0969634643354953,19.58498497754666,0.0931764728674511,360.74130789982155,p48r
2458360.760162,b'r',1.853,6.2,26.133954,8.5695e-06,2.0,846.0,2.0,4.0,2.0,20.9089,2.59823,-0.866064,317.065,1.826,0.0,0.0,9.249813455343245,1.0024383664131165,ztf_20180830260093_000846_zr_c02_o_q4_scimrefdiffimg.fits,b'ztf_20180830260093_000846_zr_c02_o_q4_diffimgpsf.fits',310.1118934810068,36.1838161966456,1.0912815750011637e-08,1.273305953400618e-09,2458187.014664352,2458222.870289352,8460242.0,9.98946,-1.7900022454267168,1.0969634643354953,19.90515794320932,0.12668356224557759,360.7601620000787,p48r
2458360.7610764,b'r',1.853,6.2,26.14356,8.824e-06,1.0,846.0,2.0,4.0,2.0,20.918,2.60248,-0.866023,317.058,1.832,0.0,0.0,9.072338700294495,0.4507943391799927,ztf_20180830261076_000846_zr_c02_o_q4_scimrefdiffimg.fits,b'ztf_20180830261076_000846_zr_c02_o_q4_diffimgpsf.fits',377.89204827980967,36.27821243427541,1.318086018945992e-08,1.2653826665840577e-09,2458187.014664352,2458222.870289352,8460242.0,9.98341,-1.7900022454267168,1.0969634643354953,19.70014061636077,0.10423233038176927,360.7610764000565,p48r
2458363.6807639,b'g',2.527,6.2,26.184603,1.68494e-05,1.0,846.0,2.0,4.0,1.0,57.4244,14.3787,-0.603569,281.955,1.489,0.0,0.0,4.726226612186432,-0.04554414749145508,ztf_20180902180694_000846_zg_c02_o_q4_scimrefdiffimg.fits,b'ztf_20180902180694_000846_zg_c02_o_q4_diffimgpsf.fits',169.6813826746193,19.28953852658719,5.698925694236985e-09,6.478592172616193e-10,2458202.8444328704,2458232.7846535994,8460241.0,4.74881,-14.421393447994506,0.8553559001605671,20.61051751390567,0.12342750993902545,363.68076389981434,p48g
2458363.7265394,b'r',2.699,6.2,26.042737,1.10771e-05,1.0,846.0,2.0,4.0,2.0,58.1549,14.5817,-0.598667,281.381,1.684,0.0,0.0,6.318858937263489,-0.19246280193328857,ztf_20180902226447_000846_zr_c02_o_q4_scimrefdiffimg.fits,b'ztf_20180902226447_000846_zr_c02_o_q4_diffimgpsf.fits',301.2011491022068,33.54147507510735,1.1528208548734966e-08,1.2837704055027646e-09,2458187.014664352,2458222.870289352,8460242.0,6.89044,-1.7900022454267168,1.0969634643354953,19.845595439015362,0.12090655733360473,363.7265393999405,p48r
2458366.7395139,b'g',2.184,6.2,26.174441,1.23082e-05,1.0,846.0,2.0,4.0,1.0,101.71,20.221,-0.267564,242.298,1.801,0.0,0.0,4.428549539375306,-0.286196231842041,ztf_20180905239479_000846_zg_c02_o_q4_scimrefdiffimg.fits,b'ztf_20180905239479_000846_zg_c02_o_q4_diffimgpsf.fits',112.95490032213235,15.979814419368822,3.82938186867995e-09,5.417455251994307e-10,2458202.8444328704,2458232.7846535994,8460241.0,4.59451,-14.421393447994506,0.8553559001605671,21.04217830834649,0.15359991524624025,366.739513900131,p48g
2458370.6389931,b'r',2.088,6.2,26.171014,9.5934e-06,2.0,846.0,2.0,4.0,2.0,159.893,10.6154,-0.00542822,188.45,1.417,0.0,0.0,5.795189508295059,0.37635183334350586,ztf_20180909138924_000846_zr_c02_o_q4_scimrefdiffimg.fits,b'ztf_20180909138924_000846_zr_c02_o_q4_diffimgpsf.fits',255.0117406935554,25.519638270571683,8.67270503023878e-09,8.678984562037792e-10,2458187.014664352,2458222.870289352,8460242.0,6.61541,-1.7900022454267168,1.0969634643354953,20.15461356066956,0.1086522339533767,370.6389930997975,p48r
2458370.6550463,b'r',2.234,6.2,26.160431,1.00898e-05,2.0,846.0,2.0,4.0,2.0,160.17,10.5303,-0.00514498,188.227,1.467,0.0,0.0,6.475841530990595,0.2149186134338379,ztf_20180909154988_000846_zr_c02_o_q4_scimrefdiffimg.fits,b'ztf_20180909154988_000846_zr_c02_o_q4_diffimgpsf.fits',281.3807931777686,30.167037063173762,9.663224058571662e-09,1.036001200109074e-09,2458187.014664352,2458222.870289352,8460242.0,6.58418,-1.7900022454267168,1.0969634643354953,20.037194876187016,0.11640255926111222,370.65504630003124,p48r
2458370.6761574,b'g',2.241,6.2,26.234753,1.54295e-05,2.0,846.0,2.0,4.0,1.0,160.545,10.4198,-0.00479311,187.94,1.543,0.0,0.0,4.906825297665597,0.27524298429489136,ztf_20180909176100_000846_zg_c02_o_q4_scimrefdiffimg.fits,b'ztf_20180909176100_000846_zg_c02_o_q4_diffimgpsf.fits',124.14706266461887,17.44365150143811,3.981394833510018e-09,5.594177005074361e-10,2458202.8444328704,2458232.7846535994,8460241.0,5.07988,-14.421393447994506,0.8553559001605671,20.999911878627117,0.15255458863596158,370.676157400012,p48g
2458370.6975463,b'g',2.476,6.2,26.221516,1.66115e-05,2.0,846.0,2.0,4.0,1.0,160.933,10.3095,-0.0044374,187.639,1.636,0.0,0.0,5.341888132882119,-0.0852246880531311,ztf_20180909197546_000846_zg_c02_o_q4_scimrefdiffimg.fits,b'ztf_20180909197546_000846_zg_c02_o_q4_diffimgpsf.fits',105.20682647040007,19.714210233585412,3.4153681213339734e-09,6.399897007865681e-10,2458202.8444328704,2458232.7846535994,8460241.0,5.23941,-14.421393447994506,0.8553559001605671,21.166406198881567,0.20345097925927266,370.6975463000126,p48g
2458370.7177083,b'g',2.669,6.2,26.193738,1.88704e-05,2.0,846.0,2.0,4.0,1.0,161.307,10.2073,-0.00411877,187.359,1.738,0.0,0.0,5.4903875431060785,-0.008992195129394531,ztf_20180909217697_000846_zg_c02_o_q4_scimrefdiffimg.fits,b'ztf_20180909217697_000846_zg_c02_o_q4_diffimgpsf.fits',65.83816847269455,21.78111719204771,2.1927167840170595e-09,7.254123620914781e-10,2458202.8444328704,2458232.7846535994,8460241.0,5.38849,-14.421393447994506,0.8553559001605671,21.64754364775746,0.3591920628522465,370.7177082998678,p48g
2458374.6223843,b'r',2.289,6.2,26.192612,1.01448e-05,1.0,846.0,2.0,4.0,2.0,213.667,-8.91937,0.144888,135.253,1.401,0.0,0.0,9.834960306406021,-0.2142212986946106,ztf_20180913122384_000846_zr_c02_o_q4_scimrefdiffimg.fits,b'ztf_20180913122384_000846_zr_c02_o_q4_diffimgpsf.fits',261.36465343583563,42.0082762318386,8.71368896779594e-09,1.400522407923465e-09,2458187.014664352,2458222.870289352,8460242.0,10.4949,-1.7900022454267168,1.0969634643354953,20.149494865298543,0.17450678920000093,374.6223842999898,p48r
2458374.7166782,b'g',2.514,6.2,26.200763,1.37038e-05,1.0,846.0,2.0,4.0,1.0,214.824,-9.26521,0.152268,134.064,1.795,0.0,0.0,5.718660869574546,0.03196507692337036,ztf_20180913216655_000846_zg_c02_o_q4_scimrefdiffimg.fits,b'ztf_20180913216655_000846_zg_c02_o_q4_diffimgpsf.fits',63.78596707379283,22.643751721987208,2.1106680900672718e-09,7.492783510504919e-10,2458202.8444328704,2458232.7846535994,8460241.0,5.62759,-14.421393447994506,0.8553559001605671,0.0,0.0,374.71667819982395,p48g
2458377.6390741,b'r',1.854,6.2,26.159799,8.4744e-06,1.0,846.0,2.0,4.0,2.0,252.765,-19.1917,0.420494,99.1495,1.477,0.0,0.0,6.868649752044668,-0.15316736698150635,ztf_20180916139016_000846_zr_c02_o_q4_scimrefdiffimg.fits,b'ztf_20180916139016_000846_zr_c02_o_q4_diffimgpsf.fits',194.01108325933092,26.54739766007095,6.666639029700674e-09,9.122258104655218e-10,2458187.014664352,2458222.870289352,8460242.0,7.40256,-1.7900022454267168,1.0969634643354953,20.440232648616718,0.14856610428804243,377.63907410018146,p48r
2458377.6410069,b'r',1.694,6.2,26.140421,7.8992e-06,2.0,846.0,2.0,4.0,2.0,252.782,-19.194,0.420735,99.1215,1.484,0.0,0.0,5.9327675006389615,0.0934685468673706,ztf_20180916140938_000846_zr_c02_o_q4_scimrefdiffimg.fits,b'ztf_20180916140938_000846_zr_c02_o_q4_diffimgpsf.fits',194.5142712278191,23.648689015212117,6.804294000565354e-09,8.272536100299543e-10,2458187.014664352,2458222.870289352,8460242.0,7.41037,-1.7900022454267168,1.0969634643354953,20.41804232404465,0.13200182044628825,377.6410068999976,p48r
2458377.6597338,b'r',2.174,6.2,26.155145,7.5516e-06,2.0,846.0,2.0,4.0,2.0,252.95,-19.2149,0.422544,98.9117,1.554,0.0,0.0,7.228512569379804,0.09472805261611938,ztf_20180916159734_000846_zr_c02_o_q4_scimrefdiffimg.fits,b'ztf_20180916159734_000846_zr_c02_o_q4_diffimgpsf.fits',198.95208407016037,28.727003550665536,6.8657896374707424e-09,9.913621384986932e-10,2458187.014664352,2458222.870289352,8460242.0,7.62946,-1.7900022454267168,1.0969634643354953,20.408273767890744,0.15677115417579102,377.6597338002175,p48r
2458377.6784838,b'r',2.018,6.2,26.146273,7.6144e-06,2.0,846.0,2.0,4.0,2.0,253.126,-19.2331,0.424353,98.7019,1.636,0.0,0.0,6.779105793094635,0.3757733106613159,ztf_20180916178484_000846_zr_c02_o_q4_scimrefdiffimg.fits,b'ztf_20180916178484_000846_zr_c02_o_q4_diffimgpsf.fits',183.6585213731665,26.74668583232058,6.390015086531794e-09,9.30595133313536e-10,2458187.014664352,2458222.870289352,8460242.0,7.86989,-1.7900022454267168,1.0969634643354953,20.48624529122772,0.1581186921357665,377.67848380003124,p48r
2458377.6968287,b'g',2.672,6.2,26.202601,1.99178e-05,2.0,846.0,2.0,4.0,1.0,253.306,-19.2483,0.426164,98.4921,1.729,0.0,0.0,6.714185298442841,0.11045360565185547,ztf_20180916196829_000846_zg_c02_o_q4_scimrefdiffimg.fits,b'ztf_20180916196829_000846_zg_c02_o_q4_diffimgpsf.fits',57.93631243729672,24.41529588691823,1.913861250779618e-09,8.065319797344463e-10,2458202.8444328704,2458232.7846535994,8460241.0,7.0118,-14.421393447994506,0.8553559001605671,0.0,0.0,377.6968287001364,p48g
2458377.6977431,b'g',2.078,6.2,26.169282,1.2521e-05,1.0,846.0,2.0,4.0,1.0,253.315,-19.249,0.426224,98.4851,1.734,0.0,0.0,6.823606569528579,-0.1841302514076233,ztf_20180916197731_000846_zg_c02_o_q4_scimrefdiffimg.fits,b'ztf_20180916197731_000846_zg_c02_o_q4_diffimgpsf.fits',64.91955060179107,22.469014989207512,2.2113765749436947e-09,7.653696456026241e-10,2458202.8444328704,2458232.7846535994,8460241.0,6.99179,-14.421393447994506,0.8553559001605671,0.0,0.0,377.69774310011417,p48g
2458378.6173958,b'r',2.862,6.2,26.195751,1.23731e-05,2.0,846.0,2.0,4.0,2.0,265.566,-20.852,0.5161,88.1548,1.418,0.0,0.0,11.191051302909852,1.1773207187652588,ztf_20180917117326_000846_zr_c02_o_q4_scimrefdiffimg.fits,b'ztf_20180917117326_000846_zr_c02_o_q4_diffimgpsf.fits',152.3951120400993,45.788732956948614,5.066063598577556e-09,1.52215271421567e-09,2458187.014664352,2458222.870289352,8460242.0,12.0942,-1.7900022454267168,1.0969634643354953,20.738323406114013,0.3262209956185386,378.6173958000727,p48r
2458378.6348958,b'r',1.83,6.2,26.179135,1.1561e-05,2.0,846.0,2.0,4.0,2.0,265.707,-20.8634,0.517808,87.9589,1.472,0.0,0.0,6.3949301928758615,-0.22828912734985352,ztf_20180917134884_000846_zr_c02_o_q4_scimrefdiffimg.fits,b'ztf_20180917134884_000846_zr_c02_o_q4_diffimgpsf.fits',199.49458973626457,25.97786561814477,6.734062179765499e-09,8.768987830010992e-10,2458187.014664352,2458222.870289352,8460242.0,7.3971,-1.7900022454267168,1.0969634643354953,20.429307194548926,0.1413828282538654,378.6348958001472,p48r
2458378.6548032,b'g',2.214,6.2,26.256665,1.56674e-05,2.0,846.0,2.0,4.0,1.0,265.872,-20.8724,0.519699,87.7421,1.545,0.0,0.0,5.903108244323729,-0.2387094497680664,ztf_20180917154769_000846_zg_c02_o_q4_scimrefdiffimg.fits,b'ztf_20180917154769_000846_zg_c02_o_q4_diffimgpsf.fits',106.6547446651559,19.181578843907005,3.3520784985447844e-09,6.028626145009886e-10,2458202.8444328704,2458232.7846535994,8460241.0,7.04919,-14.421393447994506,0.8553559001605671,21.18671454917536,0.19526683737956074,378.6548032001592,p48g
2458378.6750926,b'g',2.619,6.2,26.252579,1.78512e-05,2.0,846.0,2.0,4.0,1.0,266.047,-20.8775,0.52165,87.5183,1.633,0.0,0.0,7.196653992676735,0.4307493567466736,ztf_20180917175058_000846_zg_c02_o_q4_scimrefdiffimg.fits,b'ztf_20180917175058_000846_zg_c02_o_q4_diffimgpsf.fits',79.12756498339817,25.52668634801587,2.4962966922183645e-09,8.053095377063098e-10,2458202.8444328704,2458232.7846535994,8460241.0,7.22473,-14.421393447994506,0.8553559001605671,21.5067594968573,0.35026033718282396,378.67509259982035,p48g
2458378.7011111,b'g',2.283,6.2,26.201451,1.75103e-05,2.0,846.0,2.0,4.0,1.0,266.282,-20.8786,0.524211,87.2245,1.768,0.0,0.0,7.155633628368378,-0.279216468334198,ztf_20180917201053_000846_zg_c02_o_q4_scimrefdiffimg.fits,b'ztf_20180917201053_000846_zg_c02_o_q4_diffimgpsf.fits',100.0273489794614,24.931469229855516,3.3077932670807527e-09,8.244559819986659e-10,2458202.8444328704,2458232.7846535994,8460241.0,7.4923,-14.421393447994506,0.8553559001605671,21.201154102825676,0.27061597766518314,378.7011111001484,p48g
2458385.6174884,b'g',2.978,6.2,26.272625,2.96667e-05,2.0,846.0,2.0,4.0,1.0,352.535,-7.89762,0.990325,11.2895,1.478,0.0,0.0,12.854984098386762,0.8087502121925354,ztf_20180924117454_000846_zg_c02_o_q4_scimrefdiffimg.fits,b'ztf_20180924117454_000846_zg_c02_o_q4_diffimgpsf.fits',81.39629242065438,48.71332870799599,2.5208942249033994e-09,1.5086823427922763e-09,2458202.8444328704,2458232.7846535994,8460241.0,13.7231,-14.421393447994506,0.8553559001605671,0.0,0.0,385.6174884000793,p48g
2458385.6373032,b'g',2.611,6.2,26.233644,3.21034e-05,2.0,846.0,2.0,4.0,1.0,352.722,-7.82607,0.990704,11.0656,1.552,0.0,0.0,12.55770296988487,-0.07068705558776855,ztf_20180924137257_000846_zg_c02_o_q4_scimrefdiffimg.fits,b'ztf_20180924137257_000846_zg_c02_o_q4_diffimgpsf.fits',5.498422120061393,45.69123931824905,1.7651453707631384e-10,1.466814984489551e-09,2458202.8444328704,2458232.7846535994,8460241.0,13.5996,-14.421393447994506,0.8553559001605671,0.0,0.0,385.6373032000847,p48g
2458385.6580556,b'g',2.746,6.2,26.202358,4.25625e-05,2.0,846.0,2.0,4.0,1.0,352.907,-7.74988,0.991098,10.8278,1.643,0.0,0.0,14.092321484088899,0.009814262390136719,ztf_20180924157998_000846_zg_c02_o_q4_scimrefdiffimg.fits,b'ztf_20180924157998_000846_zg_c02_o_q4_diffimgpsf.fits',60.47452844646291,53.701178962751165,1.9981555360738654e-09,1.774355433588351e-09,2458202.8444328704,2458232.7846535994,8460241.0,14.8297,-14.421393447994506,0.8553559001605671,0.0,0.0,385.6580555997789,p48g
2458385.6821065,b'r',2.155,6.2,25.708586,0.0001385617,2.0,846.0,2.0,4.0,2.0,353.11,-7.65977,0.99154,10.5551,1.768,0.0,0.0,18.39042137908935,-0.08980000019073486,ztf_20180924182095_000846_zr_c02_o_q4_scimrefdiffimg.fits,b'ztf_20180924182095_000846_zr_c02_o_q4_diffimgpsf.fits',109.28581570297082,79.65660003491051,5.690224459893218e-09,4.1475093354314255e-09,2458187.014664352,2458222.870289352,8460242.0,19.9974,-1.7900022454267168,1.0969634643354953,0.0,0.0,385.68210650002584,p48r
2458386.6695833,b'g',2.374,6.2,26.16612,2.92702e-05,1.0,846.0,2.0,4.0,1.0,4.86129,-3.34789,-0.999954,359.225,1.714,0.0,0.0,15.240537136840814,-1.117826223373413,ztf_20180925169514_000846_zg_c02_o_q4_scimrefdiffimg.fits,b'ztf_20180925169514_000846_zg_c02_o_q4_diffimgpsf.fits',62.74141167913495,49.99305365834504,2.143415100790785e-09,1.7078969589539348e-09,2458202.8444328704,2458232.7846535994,8460241.0,17.0089,-14.421393447994506,0.8553559001605671,0.0,0.0,386.6695833001286,p48g
2458400.6321181,b'g',2.3,6.2,26.085725,1.4247e-05,2.0,846.0,2.0,4.0,1.0,195.252,-2.15131,-1.00977e-05,180.364,1.718,0.0,0.0,5.442316383123398,0.13883578777313232,ztf_20181009132118_000846_zg_c02_o_q4_scimrefdiffimg.fits,b'ztf_20181009132118_000846_zg_c02_o_q4_diffimgpsf.fits',54.12345994074526,17.66387811019762,1.991111367817471e-09,6.498244674654947e-10,2458202.8444328704,2458232.7846535994,8460241.0,5.90338,-14.421393447994506,0.8553559001605671,21.752261120303228,0.354343791346199,400.63211809983477,p48g
2458463.0112037,b'g',2.551,6.2,24.21731,8.93808e-05,1.0,846.0,2.0,4.0,1.0,296.642,-21.3111,0.0953854,144.021,1.855,0.0,0.0,6.513511195778847,-0.22961878776550293,ztf_20181210511204_000846_zg_c02_o_q4_scimrefdiffimg.fits,b'ztf_20181210511204_000846_zg_c02_o_q4_diffimgpsf.fits',23.48883303819256,24.271078343460058,4.829892235513264e-09,4.990741473620054e-09,2458202.8444328704,2458232.7846535994,8460241.0,6.29963,-14.421393447994506,0.8553559001605671,0.0,0.0,463.0112037002109,p48g
2458470.0074306,b'g',2.419,6.2,25.876203,5.28116e-05,1.0,846.0,2.0,4.0,1.0,18.3719,1.89446,0.695241,67.0155,1.759,0.0,0.0,4.438725477933883,-0.2154291272163391,ztf_20181217507419_000846_zg_c02_o_q4_scimrefdiffimg.fits,b'ztf_20181217507419_000846_zg_c02_o_q4_diffimgpsf.fits',-10.385924684822667,16.717433999920576,-4.634084716250123e-10,7.459134143590919e-10,2458202.8444328704,2458232.7846535994,8460241.0,4.71799,-14.421393447994506,0.8553559001605671,0.0,0.0,470.0074306000024,p48g
2458472.9897106,b'g',2.69,6.2,26.16937,2.67515e-05,1.0,846.0,2.0,4.0,1.0,56.2258,14.9197,0.931652,30.3104,1.818,0.0,0.0,10.60318523015976,0.5835995674133301,ztf_20181220489699_000846_zg_c02_o_q4_scimrefdiffimg.fits,b'ztf_20181220489699_000846_zg_c02_o_q4_diffimgpsf.fits',-9.322876992700285,42.82152204900684,-3.1754256907643816e-10,1.4585257462956377e-09,2458202.8444328704,2458232.7846535994,8460241.0,10.8229,-14.421393447994506,0.8553559001605671,0.0,0.0,472.98971060011536,p48g
2458475.9971875,b'r',2.007,6.2,26.133351,1.12728e-05,1.0,846.0,2.0,4.0,2.0,101.975,21.1622,-0.992238,349.891,1.723,0.0,0.0,12.633004245853424,0.7436572313308716,ztf_20181223497188_000846_zr_c02_o_q4_scimrefdiffimg.fits,b'ztf_20181223497188_000846_zr_c02_o_q4_diffimgpsf.fits',18.818502895825056,51.390302596069034,6.625896843582511e-10,1.8094257850875452e-09,2458187.014664352,2458222.870289352,8460242.0,14.0902,-1.7900022454267168,1.0969634643354953,0.0,0.0,475.99718749988824,p48r
2458481.0095255,b'g',3.412,6.2,26.17733,2.39349e-05,1.0,846.0,2.0,4.0,1.0,177.448,5.54241,-0.600666,281.615,1.591,0.0,0.0,7.158554208993911,0.29616039991378784,ztf_20181228509525_000846_zg_c02_o_q4_scimrefdiffimg.fits,b'ztf_20181228509525_000846_zg_c02_o_q4_diffimgpsf.fits',-58.342299506441265,34.76333251908155,-1.9726568387686673e-09,1.175410058554817e-09,2458202.8444328704,2458232.7846535994,8460241.0,7.70329,-14.421393447994506,0.8553559001605671,0.0,0.0,481.0095254997723,p48g
2458481.052419,b'r',3.321,6.2,26.141643,1.67536e-05,1.0,846.0,2.0,4.0,2.0,177.799,5.33025,-0.595938,281.062,1.427,0.0,0.0,7.210629229927063,0.06455206871032715,ztf_20181228552419_000846_zr_c02_o_q4_scimrefdiffimg.fits,b'ztf_20181228552419_000846_zr_c02_o_q4_diffimgpsf.fits',-2.7267090834063543,46.23904943227391,-9.527558079691433e-11,1.6156664152288001e-09,2458187.014664352,2458222.870289352,8460242.0,7.52146,-1.7900022454267168,1.0969634643354953,0.0,0.0,481.0524189998396,p48r
2458534.9345833,b'r',2.716,6.2,26.113434,2.17787e-05,2.0,846.0,2.0,4.0,2.0,165.056,9.83943,-0.990403,348.756,1.359,0.0,0.0,13.047543150138853,-0.496054470539093,ztf_20190220434583_000846_zr_c02_o_q4_scimrefdiffimg.fits,b'ztf_20190220434583_000846_zr_c02_o_q4_diffimgpsf.fits',-34.37674931789931,71.16750571672256,-1.232795973372336e-09,2.5521614529435657e-09,2458187.014664352,2458222.870289352,8460242.0,14.693,-1.7900022454267168,1.0969634643354953,0.0,0.0,534.9345832997933,p48r
2458534.9490394,b'r',2.15,6.2,26.117864,1.24199e-05,2.0,846.0,2.0,4.0,2.0,165.197,9.76048,-0.990055,348.553,1.329,0.0,0.0,13.539918278503418,-0.371598482131958,ztf_20190220449028_000846_zr_c02_o_q4_scimrefdiffimg.fits,b'ztf_20190220449028_000846_zr_c02_o_q4_diffimgpsf.fits',-35.81985915671368,60.579967740767955,-1.2793173031083769e-09,2.1636322079105265e-09,2458187.014664352,2458222.870289352,8460242.0,13.8786,-1.7900022454267168,1.0969634643354953,0.0,0.0,534.9490394000895,p48r
2458538.9231597,b'g',1.927,6.2,25.047944,6.17309e-05,2.0,846.0,2.0,4.0,1.0,220.098,-10.8154,-0.712301,295.125,1.361,0.0,0.0,10.711551650238034,-0.14645123481750488,ztf_20190224423148_000846_zg_c02_o_q4_scimrefdiffimg.fits,b'ztf_20190224423148_000846_zg_c02_o_q4_diffimgpsf.fits',50.65751615974757,33.53057201814057,4.846924910958009e-09,3.208214253546549e-09,2458202.8444328704,2458232.7846535994,8460241.0,12.6056,-14.421393447994506,0.8553559001605671,0.0,0.0,538.923159699887,p48g
2458538.9473843,b'g',1.782,6.2,24.341864,0.0001112979,2.0,846.0,2.0,4.0,1.0,220.305,-10.9336,-0.709866,294.818,1.312,0.0,0.0,13.281056070947647,0.9384211301803589,ztf_20190224447373_000846_zg_c02_o_q4_scimrefdiffimg.fits,b'ztf_20190224447373_000846_zg_c02_o_q4_diffimgpsf.fits',49.523723813835446,39.8912903783269,9.079620420587805e-09,7.313621629447495e-09,2458202.8444328704,2458232.7846535994,8460241.0,14.5915,-14.421393447994506,0.8553559001605671,0.0,0.0,538.947384300176,p48g
2458538.9689468,b'r',1.477,6.2,25.470004,2.09816e-05,2.0,846.0,2.0,4.0,2.0,220.483,-11.0361,-0.707703,294.545,1.279,0.0,0.0,12.730597183227538,0.029489994049072266,ztf_20190224468947_000846_zr_c02_o_q4_scimrefdiffimg.fits,b'ztf_20190224468947_000846_zr_c02_o_q4_diffimgpsf.fits',-36.59994508015466,43.36499734481266,-2.3739897183788273e-09,2.8127926865011674e-09,2458187.014664352,2458222.870289352,8460242.0,14.0127,-1.7900022454267168,1.0969634643354953,0.0,0.0,538.9689468001015,p48r
2458538.9949537,b'r',1.457,6.2,25.839704,1.24494e-05,2.0,846.0,2.0,4.0,2.0,220.693,-11.1558,-0.705091,294.216,1.252,0.0,0.0,9.761910517597197,0.4050382971763611,ztf_20190224494954_000846_zr_c02_o_q4_scimrefdiffimg.fits,b'ztf_20190224494954_000846_zr_c02_o_q4_diffimgpsf.fits',19.11839459126526,34.21135406799883,8.822056217070968e-10,1.578660213416106e-09,2458187.014664352,2458222.870289352,8460242.0,11.2136,-1.7900022454267168,1.0969634643354953,0.0,0.0,538.9949536998756,p48r
2458539.0184838,b'r',1.686,6.2,25.524738,2.15228e-05,2.0,846.0,2.0,4.0,2.0,220.882,-11.2604,-0.70275,293.922,1.238,0.0,0.0,13.394350633955,-0.9169722199440002,ztf_20190224518472_000846_zr_c02_o_q4_scimrefdiffimg.fits,b'ztf_20190224518472_000846_zr_c02_o_q4_diffimgpsf.fits',40.159380654889574,47.71803122314567,2.4768049469330185e-09,2.942980043031344e-09,2458187.014664352,2458222.870289352,8460242.0,13.1208,-1.7900022454267168,1.0969634643354953,0.0,0.0,539.0184837998822,p48r
2458539.0407292,b'g',2.506,6.2,25.642415,4.80901e-05,2.0,846.0,2.0,4.0,1.0,221.061,-11.3558,-0.700572,293.65,1.234,0.0,0.0,12.196255389785765,-0.38544952869415283,ztf_20190224540718_000846_zg_c02_o_q4_scimrefdiffimg.fits,b'ztf_20190224540718_000846_zg_c02_o_q4_diffimgpsf.fits',-4.670541346737052,44.35362906295796,-2.584646902953723e-10,2.4545006988037595e-09,2458202.8444328704,2458232.7846535994,8460241.0,10.9768,-14.421393447994506,0.8553559001605671,0.0,0.0,539.0407292000018,p48g
2458539.8471065,b'r',1.659,6.2,25.834041,9.6031e-06,2.0,846.0,2.0,4.0,2.0,232.502,-14.5357,-0.618335,283.69,1.602,0.0,0.0,7.838272318172455,0.2909400463104248,ztf_20190225347106_000846_zr_c02_o_q4_scimrefdiffimg.fits,b'ztf_20190225347106_000846_zr_c02_o_q4_diffimgpsf.fits',-4.817181793218847,28.65595204481435,-2.23448084606265e-10,1.3292248189602276e-09,2458187.014664352,2458222.870289352,8460242.0,8.96253,-1.7900022454267168,1.0969634643354953,0.0,0.0,539.8471065000631,p48r
2458539.8631829,b'r',1.632,6.2,25.500818,2.67022e-05,2.0,846.0,2.0,4.0,2.0,232.679,-14.614,-0.616674,283.494,1.535,0.0,0.0,11.312947850036618,-0.5549101233482361,ztf_20190225363113_000846_zr_c02_o_q4_scimrefdiffimg.fits,b'ztf_20190225363113_000846_zr_c02_o_q4_diffimgpsf.fits',5.238777735172249,40.099793730082126,3.3029558841978346e-10,2.52822044285914e-09,2458187.014664352,2458222.870289352,8460242.0,11.0679,-1.7900022454267168,1.0969634643354953,0.0,0.0,539.8631829000078,p48r
2458539.8865625,b'g',2.053,6.2,25.836821,3.32291e-05,2.0,846.0,2.0,4.0,1.0,232.925,-14.7263,-0.61418,283.201,1.453,0.0,0.0,7.613791782832145,0.6766980290412903,ztf_20190225386551_000846_zg_c02_o_q4_scimrefdiffimg.fits,b'ztf_20190225386551_000846_zg_c02_o_q4_diffimgpsf.fits',-27.306899440181944,23.964407713902062,-1.2634090718626572e-09,1.108761915364812e-09,2458202.8444328704,2458232.7846535994,8460241.0,8.54818,-14.421393447994506,0.8553559001605671,0.0,0.0,539.886562500149,p48g
2458539.9062731,b'g',2.093,6.2,25.553183,3.29385e-05,2.0,846.0,2.0,4.0,1.0,233.121,-14.8191,-0.612218,282.97,1.396,0.0,0.0,8.902642446184156,-0.48517507314682007,ztf_20190225406262_000846_zg_c02_o_q4_scimrefdiffimg.fits,b'ztf_20190225406262_000846_zg_c02_o_q4_diffimgpsf.fits',-2.0904814480934686,28.040410639305165,-1.2559522195825592e-10,1.6846557529917474e-09,2458202.8444328704,2458232.7846535994,8460241.0,9.21608,-14.421393447994506,0.8553559001605671,0.0,0.0,539.9062731000595,p48g
2458540.7981944,b'r',1.983,6.2,24.556207,0.0003856149,2.0,846.0,2.0,4.0,2.0,244.931,-17.605,-0.520098,272.304,1.847,0.0,0.0,10.150445308685303,3.472524404525757,ztf_20190226298183_000846_zr_c02_o_q4_scimrefdiffimg.fits,b'ztf_20190226298183_000846_zr_c02_o_q4_diffimgpsf.fits',-14.632745384158312,41.852438387134676,-2.2021303160628894e-09,6.298512115423398e-09,2458187.014664352,2458222.870289352,8460242.0,10.504,-1.7900022454267168,1.0969634643354953,0.0,0.0,540.7981944000348,p48r
2458540.8170718,b'r',2.141,6.2,25.532248,4.01033e-05,2.0,846.0,2.0,4.0,2.0,245.185,-17.6869,-0.518207,272.087,1.736,0.0,0.0,7.714435547590256,0.3726215362548828,ztf_20190226317060_000846_zr_c02_o_q4_scimrefdiffimg.fits,b'ztf_20190226317060_000846_zr_c02_o_q4_diffimgpsf.fits',-11.866629860484895,34.035349086768505,-7.268222206334525e-10,2.084639724687623e-09,2458187.014664352,2458222.870289352,8460242.0,8.19583,-1.7900022454267168,1.0969634643354953,0.0,0.0,540.8170718001202,p48r
2458540.8447801,b'r',1.823,6.2,26.105703,1.21708e-05,2.0,846.0,2.0,4.0,2.0,245.539,-17.8071,-0.51534,271.758,1.6,0.0,0.0,5.414046793746948,0.3599642515182495,ztf_20190226344769_000846_zr_c02_o_q4_scimrefdiffimg.fits,b'ztf_20190226344769_000846_zr_c02_o_q4_diffimgpsf.fits',20.477494515067974,20.826556973642553,7.395978130056964e-10,7.522051088694452e-10,2458187.014664352,2458222.870289352,8460242.0,5.84151,-1.7900022454267168,1.0969634643354953,0.0,0.0,540.8447801000439,p48r
2458540.8722222,b'g',1.964,6.2,26.2137,1.6343e-05,2.0,846.0,2.0,4.0,1.0,245.867,-17.9251,-0.512534,271.436,1.492,0.0,0.0,5.396674735784531,0.26405906677246094,ztf_20190226372153_000846_zg_c02_o_q4_scimrefdiffimg.fits,b'ztf_20190226372153_000846_zg_c02_o_q4_diffimgpsf.fits',-13.248654718001012,16.943188471185575,-4.332033254618392e-10,5.540068592911569e-10,2458202.8444328704,2458232.7846535994,8460241.0,5.38867,-14.421393447994506,0.8553559001605671,0.0,0.0,540.872222200036,p48g
2458540.9052778,b'g',2.179,6.2,25.719831,4.29197e-05,2.0,846.0,2.0,4.0,1.0,246.233,-18.0641,-0.509116,271.045,1.391,0.0,0.0,6.656888887763023,0.5680440664291382,ztf_20190226405278_000846_zg_c02_o_q4_scimrefdiffimg.fits,b'ztf_20190226405278_000846_zg_c02_o_q4_diffimgpsf.fits',12.311263128731017,22.258992658150397,6.344102827809845e-10,1.1470255880647273e-09,2458202.8444328704,2458232.7846535994,8460241.0,7.08179,-14.421393447994506,0.8553559001605671,0.0,0.0,540.9052777998149,p48g
2458540.9204051,b'g',2.149,6.2,25.711913,8.01281e-05,2.0,846.0,2.0,4.0,1.0,246.39,-18.1261,-0.507652,270.877,1.355,0.0,0.0,6.565077248811722,0.005764603614807129,ztf_20190226420347_000846_zg_c02_o_q4_scimrefdiffimg.fits,b'ztf_20190226420347_000846_zg_c02_o_q4_diffimgpsf.fits',21.201300541760066,21.505035457513433,1.1005183857711794e-09,1.1162846790309695e-09,2458202.8444328704,2458232.7846535994,8460241.0,7.29663,-14.421393447994506,0.8553559001605671,0.0,0.0,540.9204051000997,p48g
2458541.9334028,b'g',2.109,6.2,26.159393,1.46637e-05,2.0,846.0,2.0,4.0,1.0,259.639,-20.4728,-0.406221,259.19,1.322,0.0,0.0,4.796070681524276,-0.0566444993019104,ztf_20190227433403_000846_zg_c02_o_q4_scimrefdiffimg.fits,b'ztf_20190227433403_000846_zg_c02_o_q4_diffimgpsf.fits',32.95239413345976,16.04033758253704,1.1327387913245076e-09,5.513867228913839e-10,2458202.8444328704,2458232.7846535994,8460241.0,5.06415,-14.421393447994506,0.8553559001605671,0.0,0.0,541.9334028000012,p48g
2458541.9748727,b'g',1.872,6.2,25.728978,2.30379e-05,2.0,846.0,2.0,4.0,1.0,260.063,-20.6058,-0.402148,258.714,1.263,0.0,0.0,5.053221132946014,-0.41548919677734375,ztf_20190227474826_000846_zg_c02_o_q4_scimrefdiffimg.fits,b'ztf_20190227474826_000846_zg_c02_o_q4_diffimgpsf.fits',30.86006595510338,16.119841761618677,1.5769054346013307e-09,8.237009647602066e-10,2458202.8444328704,2458232.7846535994,8460241.0,5.38817,-14.421393447994506,0.8553559001605671,0.0,0.0,541.9748726999387,p48g
2458541.9897106,b'r',1.86,6.2,26.15886,7.4487e-06,2.0,846.0,2.0,4.0,2.0,260.205,-20.6505,-0.400711,258.546,1.249,0.0,0.0,5.4248203529357895,0.30235135555267334,ztf_20190227489699_000846_zr_c02_o_q4_scimrefdiffimg.fits,b'ztf_20190227489699_000846_zr_c02_o_q4_diffimgpsf.fits',25.37772418404791,21.971704474247588,8.727878120692047e-10,7.556483685076036e-10,2458187.014664352,2458222.870289352,8460242.0,5.4357,-1.7900022454267168,1.0969634643354953,0.0,0.0,541.9897106001154,p48r
2458542.0149537,b'r',1.675,6.2,26.172897,6.6065e-06,2.0,846.0,2.0,4.0,2.0,260.435,-20.7223,-0.39826,258.259,1.236,0.0,0.0,5.6960112154483795,0.5140776634216309,ztf_20190227514942_000846_zr_c02_o_q4_scimrefdiffimg.fits,b'ztf_20190227514942_000846_zr_c02_o_q4_diffimgpsf.fits',-15.761642319885798,21.717631119142315,-5.351095080938426e-10,7.373159896274878e-10,2458187.014664352,2458222.870289352,8460242.0,5.52599,-1.7900022454267168,1.0969634643354953,0.0,0.0,542.0149536998942,p48r
2458542.0550347,b'r',2.112,6.2,26.162936,8.5106e-06,2.0,846.0,2.0,4.0,2.0,260.778,-20.8242,-0.394379,257.805,1.239,0.0,0.0,6.001092580366134,0.04558444023132324,ztf_20190227555035_000846_zr_c02_o_q4_scimrefdiffimg.fits,b'ztf_20190227555035_000846_zr_c02_o_q4_diffimgpsf.fits',-15.273112966208934,26.909804384868178,-5.233029271146659e-10,9.220110814330834e-10,2458187.014664352,2458222.870289352,8460242.0,6.69333,-1.7900022454267168,1.0969634643354953,0.0,0.0,542.0550346998498,p48r
2458543.8442361,b'r',2.946,6.2,25.180015,3.46178e-05,2.0,846.0,2.0,4.0,2.0,284.394,-21.9254,-0.234298,237.9,1.567,0.0,0.0,6.997647143507003,0.25570106506347656,ztf_20190301344201_000846_zr_c02_o_q4_scimrefdiffimg.fits,b'ztf_20190301344201_000846_zr_c02_o_q4_diffimgpsf.fits',19.23320410636158,41.73668119043528,1.6294672659893776e-09,3.535997196415924e-09,2458187.014664352,2458222.870289352,8460242.0,6.6781,-1.7900022454267168,1.0969634643354953,0.0,0.0,543.8442361000925,p48r
2458543.8683565,b'r',2.74,6.2,25.867636,1.6933e-05,2.0,846.0,2.0,4.0,2.0,284.753,-21.9612,-0.232336,237.634,1.477,0.0,0.0,4.966118701744078,-0.39206576347351074,ztf_20190301368356_000846_zr_c02_o_q4_scimrefdiffimg.fits,b'ztf_20190301368356_000846_zr_c02_o_q4_diffimgpsf.fits',28.685963749349884,27.3176538626142,1.2900752555064215e-09,1.22853914197576e-09,2458187.014664352,2458222.870289352,8460242.0,4.99329,-1.7900022454267168,1.0969634643354953,0.0,0.0,543.868356499821,p48r
2458543.9678588,b'r',1.911,6.2,25.516115,2.13813e-05,2.0,846.0,2.0,4.0,2.0,286.055,-22.1163,-0.224292,236.536,1.264,0.0,0.0,5.951232023000717,-0.1024632453918457,ztf_20190301467766_000846_zr_c02_o_q4_scimrefdiffimg.fits,b'ztf_20190301467766_000846_zr_c02_o_q4_diffimgpsf.fits',-9.32783821278651,23.963516647572117,-5.798758269083432e-10,1.48971966655711e-09,2458187.014664352,2458222.870289352,8460242.0,5.848,-1.7900022454267168,1.0969634643354953,0.0,0.0,543.9678588001989,p48r
2458543.9905671,b'g',2.121,6.2,26.25726,1.37195e-05,2.0,846.0,2.0,4.0,1.0,286.311,-22.1492,-0.222512,236.291,1.245,0.0,0.0,4.156979423761367,0.17633652687072754,ztf_20190301490544_000846_zg_c02_o_q4_scimrefdiffimg.fits,b'ztf_20190301490544_000846_zg_c02_o_q4_diffimgpsf.fits',-5.466748706358159,14.75687473772062,-1.717216729618691e-10,4.635433881807317e-10,2458202.8444328704,2458232.7846535994,8460241.0,4.01214,-14.421393447994506,0.8553559001605671,0.0,0.0,543.9905670997687,p48g
2458544.0391667,b'g',2.281,6.2,25.626922,2.50145e-05,2.0,846.0,2.0,4.0,1.0,286.81,-22.2103,-0.218665,235.759,1.236,0.0,0.0,4.4874027967453,-0.045735836029052734,ztf_20190301539155_000846_zg_c02_o_q4_scimrefdiffimg.fits,b'ztf_20190301539155_000846_zg_c02_o_q4_diffimgpsf.fits',-0.139087539805546,17.57345575141133,-7.80763361742815e-12,9.864801986643266e-10,2458202.8444328704,2458232.7846535994,8460241.0,4.67272,-14.421393447994506,0.8553559001605671,0.0,0.0,544.0391667000949,p48g
2458547.826412,b'g',2.944,6.2,26.135378,1.83044e-05,2.0,846.0,2.0,4.0,1.0,333.026,-14.4913,-0.0161126,194.585,1.597,0.0,0.0,4.656923072767258,-0.4407694339752197,ztf_20190305326412_000846_zg_c02_o_q4_scimrefdiffimg.fits,b'ztf_20190305326412_000846_zg_c02_o_q4_diffimgpsf.fits',-32.6327798694809,22.16084346549531,-1.1468401037706548e-09,7.788163965526694e-10,2458202.8444328704,2458232.7846535994,8460241.0,4.70763,-14.421393447994506,0.8553559001605671,0.0,0.0,547.8264120002277,p48g
2458547.842419,b'g',2.301,6.2,26.156919,1.41506e-05,2.0,846.0,2.0,4.0,1.0,333.287,-14.442,-0.0157458,194.417,1.531,0.0,0.0,4.6970023964405065,0.30898308753967285,ztf_20190305342419_000846_zg_c02_o_q4_scimrefdiffimg.fits,b'ztf_20190305342419_000846_zg_c02_o_q4_diffimgpsf.fits',0.02067977377210717,18.57964028393143,7.124890323523335e-13,6.401322409632856e-10,2458202.8444328704,2458232.7846535994,8460241.0,4.61819,-14.421393447994506,0.8553559001605671,0.0,0.0,547.8424189998768,p48g
2458547.9752546,b'r',2.108,6.2,26.171688,7.1617e-06,2.0,846.0,2.0,4.0,2.0,335.316,-14.0824,-0.0127413,192.962,1.248,0.0,0.0,5.267509886145591,-0.2633017301559448,ztf_20190305475243_000846_zr_c02_o_q4_scimrefdiffimg.fits,b'ztf_20190305475243_000846_zr_c02_o_q4_diffimgpsf.fits',-27.38658672475555,21.56581525161628,-9.308135744426047e-10,7.329775624314941e-10,2458187.014664352,2458222.870289352,8460242.0,5.52388,-1.7900022454267168,1.0969634643354953,0.0,0.0,547.9752545999363,p48r
2458547.9917014,b'r',2.419,6.2,26.170648,7.3365e-06,2.0,846.0,2.0,4.0,2.0,335.542,-14.0422,-0.0124013,192.788,1.239,0.0,0.0,5.718994241094588,-0.2693437337875366,ztf_20190305491678_000846_zr_c02_o_q4_scimrefdiffimg.fits,b'ztf_20190305491678_000846_zr_c02_o_q4_diffimgpsf.fits',17.51736479104038,26.938737982019255,5.959496568562981e-10,9.164695630984575e-10,2458187.014664352,2458222.870289352,8460242.0,5.53558,-1.7900022454267168,1.0969634643354953,0.0,0.0,547.9917013999075,p48r
